{
"Changes": [

	{
	//NO SVE
   "Action": "EditData",
   "Target": "Data/Festivals/fall27",
   "When": { "HasMod: |contains=FlashShifter.StardewValleyExpandedCP": false },
   "TextOperations": [
   
   //SetUp
		{
         "Operation": "Append",
         "Target": ["Entries", "Set-Up_additionalCharacters"],
         "Value": "Aguar 22 100 down/Alissa 15 25 left/Bert 23 64 down/Corine 38 69 left/Ezekiel 38 70 left/Flor 34 38 up/Freddie 16 64 down/Ian 32 56 down/Jeric 31 64 right/Jio 34 4 down/Keahi 24 73 up/Kenneth 36 74 right/Kiwi 33 4 down/Lenny 27 69 down/Lola 17 64 down/Maddie 20 47 up/Olga 22 64 right/Philip 27 50 left/Pika 31 72 right/Richard 28 72 left/Shiro 23 50 down/Trinnie 23 72 right/Ysabelle 28 64 left/Yuuma 23 74 left",
         "Delimiter": "/"
		},

	]	
	},
		
	{
	//With SVE
   "Action": "EditData",
   "Target": "Data/Festivals/fall27",
   "When": { "HasMod: |contains=FlashShifter.StardewValleyExpandedCP": true, "IsOddYear": true },
   "TextOperations": [
   
   //SetUp
		{
         "Operation": "Append",
         "Target": ["Entries", "Set-Up_additionalCharacters"],
         "Value": "Aguar 22 100 down/Alissa 15 27 left/Bert 23 64 down/Corine 38 69 left/Ezekiel 38 70 left/Flor 34 38 up/Freddie 16 64 down/Ian 32 56 down/Jeric 31 64 right/Jio 34 4 down/Keahi 24 73 up/Kenneth 36 74 right/Kiwi 33 4 down/Lenny 27 69 down/Lola 17 64 down/Maddie 20 47 up/Olga 22 64 right/Philip 22 49 right/Pika 31 72 right/Richard 28 72 left/Shiro 23 49 up/Trinnie 23 72 right/Ysabelle 28 64 left/Yuuma 23 74 left",
         "Delimiter": "/"
		},

	]	
	},
	
	{
	//With SVE variant 2
   "Action": "EditData",
   "Target": "Data/Festivals/fall27",
   "When": { "HasMod: |contains=FlashShifter.StardewValleyExpandedCP": true, "IsOddYear": false },
   "TextOperations": [
   
   //SetUp
		{
         "Operation": "Append",
         "Target": ["Entries", "Set-Up_additionalCharacters"],
         "Value": "Aguar 71 62 right/Alissa 22 65 right/Bert 24 64 down/Corine 27 67 down/Ezekiel 26 67 down/Flor 50 36 up/Freddie 36 69 left/Ian 27 54 down/Jeric 41 60 up/Jio 68 76 right/Keahi 73 30 right/Kenneth 50 64 left/Kiwi 72 77 down/Lenny 32 64 right/Lola 36 70 left/Maddie 50 68 right/Olga 23 64 down/Philip 77 38 left/Pika 26 58 right/Richard 35 64 left/Shiro 75 38 up/Trinnie 76 30 left/Ysabelle 28 67 down/Yuuma 75 32 up",
         "Delimiter": "/"
		},
	
	]	
	},
	
]
}
