{
"Changes": [
	

//------------------------
// A N I M A T I O N S    
//------------------------

	{
		"LogName": "Animation Data",
		"Action": "EditData",
		"Target": "Data/animationDescriptions",
		"Entries": {
			
			"aguar_sleep": "27/27/27",
			"aguar_meditate": "0/26 26 26 26 26 25 25 25 25 25 24 24 24 24 24 25 25 25 25 26 26 26 26/0/Strings\\animationDescriptions:aguar.meditate",
			"aguar_bottle": "0/20 20 20 21 21 21 22 22 22 23 23 23 22 22 22 21 21 21/0",
			
			"alissa_sleep": "48/48/48",
			"alissa_sing": "0/18 18 18 26 26 26/0/Strings\\animationDescriptions:alissa.sing",
			
			"bert_sleep": "27/27/27",
			
			"corine_sleep": "48/48/48",
			"corine_train": "0/19 20 20 20 20 20 21 20 20 20 21 20 20 20 21 20 20 20 21 20/0/Strings\\animationDescriptions:corine.train",
			"corine_meditate": "0/17 17 17 17 17 17 17 17 17 16 16 16 17 17 17 17 17 16 16 17 17 17 17/0",
			"corine_slash": "0/22 22 22 22 22 23/0/Strings\\animationDescriptions:corine.slash",
			
			"ezekiel_sleep": "27/27/27",
			
			"flor_sleep": "48/48/48",
			"flor_read": "0/16 16 16 16 16 17 17 16 16 16 16 16 16 18 18 18 19 19 19 16/0/Strings\\animationDescriptions:flor.read",
			
			"freddie_sleep": "27/27/27",
			
			"ian_sleep": "51/51/51",
			"ian_clean": "0/17 18 19 18 17 17 17/0",
			
			"jeric_sleep": "51/51/51",
			
			"jio_sleep": "27/27/27",
			"jio_meditate": "21/21/21",
			"jio_fight": "0/24 24 24 25 26 25 24/0",
			
			"keahi_sleep": "27/27/27",
			"keahi_read": "0/26/0",
			"keahi_jump": "0/20 20 20 23 21 22 21 23 20 20/0",
			"keahi_dance": "0/16 16 16 16 17 17 17 18 18 18 18 17 17 17/0",
			
			"kenneth_sleep": "51/51/51",
			"kenneth_fixfront": "16/16/16",
			"kenneth_fixright": "17/17/17",
			"kenneth_fixback": "18/18/18",
			"kenneth_fixleft": "19/19/19",
			
			"kiwi_sleep": "27/27/27",
			"kiwi_frontflip": "0/16 16 17 17 17 17 17 17 18 19 20 21 22 23 24 25 26 17 17 27 27 27 16/0",
			
			"lenny_sleep": "27/27/27",
			
			"lola_sleep": "27/27/27",
			
			"maddie_sleep": "48/48/48",
			
			"olga_sleep": "27/27/27",
			
			"philip_sleep": "51/51/51",
			"philip_gym": "0/24 24 25 26 27 27 26 26 25 25 24/0/Strings\\animationDescriptions:philip.gym",
			
			"pika_sleep": "27/27/27",
			
			"richard_sleep": "27/27/27",
			
			"shiro_sleep": "51/51/51",
			
			"trinnie_sleep": "27/27/27",
			"trinnie_read": "0/26/0",
			
			"ysabelle_sleep": "48/48/48",
			"ysabelle_ballet": "0/16 16 16 16 16 16 17 17 17 17 17 17 18 18 18 18 18 18 19 19 19 19 19 19/0/Strings\\animationDescriptions:ysabelle.ballet",
			
			"yuuma_sleep": "27/27/27",
			"yuuma_read": "0/26/0",
			
		}
	},
	
	{
		"LogName": "Animation Strings",
		"Action": "EditData",
		"Target": "Strings/animationDescriptions",
		"Entries": {
		
			"aguar.meditate": "%Mr. Aguar seems to be meditating.",
			
			"alissa.sing": "%Alissa is singing. But she seems a little bit shy.",
			
			"flor.read": "Piaget's stages of cognitive development are sensorimotor, preoperational...$6", 
//			Oh... As I do recall, Piaget's theory in cognitive learning focused on assimilation and accomodation of information...#$b#But his study was not in a controlled environment though...#$b#He used his children as subjects... So would this be inaccurate?.. Hmmmm..$6",
	
			"philip.gym": "*huff huff*$8",
	
			"ysabelle.ballet": "*Inhale* *Exhale*$9",
			
			"corine.train": "*Huff huff*$7",
			"corine.slash": "Jio leaves for missions every morning and has me training on my own.$h#$b#I don't mind though! It's a little freeing to train by myself.",
		}
	},	

	
]
}