{

	"spring": "610 Custom_Ridgeside_RidgesideVillage 15 93 3 square_1_4_3/1200 Custom_Ridgeside_RidgesideVillage 41 113 2 square_8_2_2/1500 Custom_Ridgeside_RidgesideVillage 59 108 1/1900 Custom_Ridgeside_AlissaHouse 11 5 0 alissa_sleep",
	"summer": "610 Custom_Ridgeside_RidgesideVillage 41 113 2 square_8_2_2/1200 Custom_Ridgeside_AlissaShed 5 10 1 square_1_5_1/1500 Custom_Ridgeside_RidgesideVillage 118 49 3/1900 Custom_Ridgeside_AlissaHouse 11 5 9 alissa_sleep",
	"fall": "610 Custom_Ridgeside_RidgesideVillage 15 93 3 square_1_4_3/1200 Custom_Ridgeside_RidgesideVillage 118 49 3/1600 Custom_Ridgeside_RidgesideVillage 41 113 2 square_8_2_2/1900 Custom_Ridgeside_AlissaHouse 11 5 9 alissa_sleep",
	"winter": "610 Custom_Ridgeside_AlissaHouse 6 8 2/1000 Beach 56 18 2/1900 Custom_Ridgeside_AlissaHouse 11 5 9 alissa_sleep",
	"rain": "610 Custom_Ridgeside_AlissaHouse 3 5 0 square_3_1_0/1200 Custom_Ridgeside_LennyHouse 15 8 0 square_3_1_0/1500 Custom_Ridgeside_BertHouse 1 5 0/2000 Custom_Ridgeside_AlissaHouse 11 5 9 alissa_sleep",
	"Sat": "610 Custom_Ridgeside_RidgesideVillage 15 93 3 square_1_4_3/1000 SeedShop 5 21 3/1300 AnimalShop 3 16 3/1800 Custom_Ridgeside_AlissaHouse 11 5 9 alissa_sleep",
	"Thu": "GOTO Sat",
	"Fri": "610 Custom_Ridgeside_RidgesideVillage 15 93 3 square_1_4_3/1000 Mountain 58 35 1/1800 Custom_Ridgeside_AlissaHouse 11 5 9 alissa_sleep",
	"winter_Sat": "GOTO winter",
	"winter_Fri": "GOTO winter",
	
	//Marriage Schedule
	"marriage_Mon": "610 Custom_Ridgeside_RidgesideVillage 15 93 3 square_1_4_3/1200 Custom_Ridgeside_RidgesideVillage 41 113 2 square_8_2_2/1500 Custom_Ridgeside_RidgesideVillage 59 108 1/1800 BusStop -1 23 3",
	"marriage_Wed": "610 Custom_Ridgeside_RidgesideVillage 41 113 2 square_8_2_2/1200 Custom_Ridgeside_AlissaShed 5 10 1 square_1_5_1/1500 Custom_Ridgeside_RidgesideVillage 118 49 3/1800 BusStop -1 23 3",
	"marriage_Thu": "610 Custom_Ridgeside_RidgesideVillage 15 93 3 square_1_4_3/1000 SeedShop 5 21 3/1300 AnimalShop 3 16 3/1800 BusStop -1 23 3",
	"marriage_Fri": "610 Custom_Ridgeside_RidgesideVillage 15 93 3 square_1_4_3/1200 Mountain 58 35 1/1600 BusStop -1 23 3",
	
}