{

	"spring": "800 Custom_Ridgeside_RidgesideVillage 18 57 1/1200 Custom_Ridgeside_RidgesideVillage 31 65 2/1600 Custom_Ridgeside_RidgesideVillage 27 74 3/1900 Custom_Ridgeside_FreddieHouse 5 15 0/2200 Custom_Ridgeside_FreddieHouse 3 5 0 freddie_sleep",
	"summer": "800 Custom_Ridgeside_RidgesideVillage 18 57 1/1200 Custom_Ridgeside_RidgesideVillage 24 60 1/1600 Custom_Ridgeside_RidgesideVillage 27 74 3/1900 Custom_Ridgeside_FreddieHouse 5 15 0/2200 Custom_Ridgeside_FreddieHouse 3 5 0 freddie_sleep",
	"fall": "800 Custom_Ridgeside_RidgesideVillage 18 57 1/1200 Custom_Ridgeside_RidgesideVillage 17 63 2/1600 Custom_Ridgeside_RidgesideVillage 27 74 3/1900 Custom_Ridgeside_FreddieHouse 5 15 0/2200 Custom_Ridgeside_FreddieHouse 3 5 0 freddie_sleep",
	"winter": "800 Custom_Ridgeside_FreddieHouse 5 15 0/1300 Custom_Ridgeside_FreddieHouse 14 6 3/2200 Custom_Ridgeside_FreddieHouse 3 5 0",
	"rain": "610 Custom_Ridgeside_FreddieHouse 14 6 3/1500 Custom_Ridgeside_LolaShed 11 10 2 square_6_1_2/1800 Custom_Ridgeside_FreddieHouse 5 15 0/2200 Custom_Ridgeside_FreddieHouse 3 5 0 freddie_sleep",
	"Wed": "800 Custom_Ridgeside_RidgesideVillage 18 57 1/1200 Custom_Ridgeside_RidgesideVillage 110 23 2/1500 Custom_Ridgeside_RidgesideVillage 80 61 2/1900 Custom_Ridgeside_FreddieHouse 3 5 0 freddie_sleep",
	"Fri": "610 Custom_Ridgeside_Ridge 13 33 0/1200 Custom_Ridgeside_RidgesideVillage 80 61 2/1600 Custom_Ridgeside_RidgesideVillage 18 57 1/1900 Custom_Ridgeside_FreddieHouse 3 5 0 freddie_sleep",
	
}