{

//Spring
	"spring": "610 Custom_Ridgeside_LennyHouse 14 12 0 square_2_1_0/900 Custom_Ridgeside_LennyHouse 10 5 2/1200 Custom_Ridgeside_LennyHouse 25 10 1/1400 Custom_Ridgeside_LennyHouse 3 7 0/1600 Custom_Ridgeside_LennyHouse 10 5 2/1800 Custom_Ridgeside_RidgesideVillage 81 63 3/2200 Custom_Ridgeside_LennyHouse 22 5 0 lenny_sleep",
	"spring_1": "610 Custom_Ridgeside_LennyHouse 14 12 0 square_2_1_0/900 Custom_Ridgeside_LennyHouse 10 5 2/1200 Custom_Ridgeside_LennyHouse 25 10 1/1400 Custom_Ridgeside_LennyHouse 3 7 0/1600 Custom_Ridgeside_LennyHouse 10 5 2/1800 Custom_Ridgeside_RidgesideVillage 81 63 3/2200 Custom_Ridgeside_LennyHouse 22 5 0 lenny_sleep",
	"spring_2": "610 Custom_Ridgeside_LennyHouse 3 5 0 square_2_1_0/900 Custom_Ridgeside_LennyHouse 10 5 2/1200 Custom_Ridgeside_LennyHouse 25 10 1/1400 Custom_Ridgeside_LennyHouse 3 7 0/1600 Custom_Ridgeside_LennyHouse 10 5 2/1800 Custom_Ridgeside_RidgesideVillage 81 63 3/2200 Custom_Ridgeside_LennyHouse 22 5 0 lenny_sleep",
	"spring_3": "610 Custom_Ridgeside_LennyHouse 3 5 0 square_2_1_0/900 Custom_Ridgeside_LennyHouse 10 5 2/1200 Custom_Ridgeside_LennyHouse 25 10 1/1400 Custom_Ridgeside_LennyHouse 3 7 0/1600 Custom_Ridgeside_LennyHouse 10 5 2/1800 Custom_Ridgeside_RidgesideVillage 81 63 3/2200 Custom_Ridgeside_LennyHouse 22 5 0 lenny_sleep",
	"spring_4": "610 Custom_Ridgeside_LennyHouse 3 5 0 square_2_1_0/900 Custom_Ridgeside_LennyHouse 10 5 2/1200 Custom_Ridgeside_LennyHouse 25 10 1/1400 Custom_Ridgeside_LennyHouse 3 7 0/1600 Custom_Ridgeside_LennyHouse 10 5 2/1800 Custom_Ridgeside_RidgesideVillage 81 63 3/2200 Custom_Ridgeside_LennyHouse 22 5 0 lenny_sleep",
	"spring_5": "610 Custom_Ridgeside_LennyHouse 3 5 0 square_2_1_0/900 Custom_Ridgeside_LennyHouse 10 5 2/1200 Custom_Ridgeside_LennyHouse 25 10 1/1400 Custom_Ridgeside_LennyHouse 3 7 0/1600 Custom_Ridgeside_LennyHouse 10 5 2/1800 Custom_Ridgeside_RidgesideVillage 81 63 3/2200 Custom_Ridgeside_LennyHouse 22 5 0 lenny_sleep",
	"spring_6": "610 Custom_Ridgeside_LennyHouse 3 5 0 square_2_1_0/900 Custom_Ridgeside_LennyHouse 10 5 2/1200 Custom_Ridgeside_LennyHouse 25 10 1/1400 Custom_Ridgeside_LennyHouse 3 7 0/1600 Custom_Ridgeside_LennyHouse 10 5 2/1800 Custom_Ridgeside_RidgesideVillage 81 63 3/2200 Custom_Ridgeside_LennyHouse 22 5 0 lenny_sleep",
	"spring_7": "610 Custom_Ridgeside_LennyHouse 3 5 0 square_2_1_0/900 Custom_Ridgeside_LennyHouse 10 5 2/1200 Custom_Ridgeside_LennyHouse 25 10 1/1400 Custom_Ridgeside_LennyHouse 3 7 0/1600 Custom_Ridgeside_LennyHouse 10 5 2/1800 Custom_Ridgeside_RidgesideVillage 81 63 3/2200 Custom_Ridgeside_LennyHouse 22 5 0 lenny_sleep",
	"summer": "610 Custom_Ridgeside_LennyHouse 3 5 0 square_2_1_0/900 Custom_Ridgeside_LennyHouse 10 5 2/1200 Custom_Ridgeside_LennyHouse 25 10 1/1400 Custom_Ridgeside_LennyHouse 3 7 0/1600 Custom_Ridgeside_LennyHouse 10 5 2/1800 Custom_Ridgeside_RidgesideVillage 81 63 3/2200 Custom_Ridgeside_LennyHouse 22 5 0 lenny_sleep",
	"fall": "610 Custom_Ridgeside_LennyHouse 3 5 0 square_2_1_0/900 Custom_Ridgeside_LennyHouse 10 5 2/1200 Custom_Ridgeside_LennyHouse 25 10 1/1400 Custom_Ridgeside_LennyHouse 3 7 0/1600 Custom_Ridgeside_LennyHouse 10 5 2/1800 Custom_Ridgeside_RidgesideVillage 81 63 3/2200 Custom_Ridgeside_LennyHouse 22 5 0 lenny_sleep",
	"winter": "610 Custom_Ridgeside_LennyHouse 3 5 0 square_2_1_0/900 Custom_Ridgeside_LennyHouse 10 5 2/1200 Custom_Ridgeside_LennyHouse 25 10 1/1400 Custom_Ridgeside_LennyHouse 3 7 0/1600 Custom_Ridgeside_LennyHouse 10 5 2/1800 Custom_Ridgeside_RidgesideVillage 81 63 3/2200 Custom_Ridgeside_LennyHouse 22 5 0 lenny_sleep",
	"winter_15": "610 Custom_Ridgeside_LennyHouse 3 5 0 square_2_1_0/900 Custom_Ridgeside_LennyHouse 10 5 2/1200 Custom_Ridgeside_LennyHouse 25 10 1/1300 Custom_Ridgeside_LennyHouse 3 7 0/1400 Custom_Ridgeside_LennyHouse 10 5 2/1700 Beach 16 24 3/2200 Custom_Ridgeside_LennyHouse 22 5 0 lenny_sleep",
	"winter_16": "610 Custom_Ridgeside_LennyHouse 3 5 0 square_2_1_0/900 Custom_Ridgeside_LennyHouse 10 5 2/1200 Custom_Ridgeside_LennyHouse 25 10 1/1300 Custom_Ridgeside_LennyHouse 3 7 0/1400 Custom_Ridgeside_LennyHouse 10 5 2/1700 Beach 27 28 3/2200 Custom_Ridgeside_LennyHouse 22 5 0 lenny_sleep",
	"winter_17": "610 Custom_Ridgeside_LennyHouse 3 5 0 square_2_1_0/900 Custom_Ridgeside_LennyHouse 10 5 2/1200 Custom_Ridgeside_LennyHouse 25 10 1/1300 Custom_Ridgeside_LennyHouse 3 7 0/1400 Custom_Ridgeside_LennyHouse 10 5 2/1700 Beach 14 39 3/2200 Custom_Ridgeside_LennyHouse 22 5 0 lenny_sleep",
	"rain": "610 Custom_Ridgeside_LennyHouse 3 5 0 square_2_1_0/900 Custom_Ridgeside_LennyHouse 10 5 2/1200 Custom_Ridgeside_LennyHouse 25 10 1/1400 Custom_Ridgeside_LennyHouse 3 7 0/1600 Custom_Ridgeside_LennyHouse 10 5 2/1800 Custom_Ridgeside_LennyHouse 25 10 1/2000 Custom_Ridgeside_LennyHouse 3 7 0/2200 Custom_Ridgeside_LennyHouse 22 5 0 lenny_sleep",
	"Tue": "610 Custom_Ridgeside_RidgesideVillage 113 42 3 square_1_2_3/900 Custom_Ridgeside_LennyHouse 10 5 2/1200 ManorHouse 5 5 0/1600 Saloon 8 20 0/2200 Custom_Ridgeside_LennyHouse 22 5 0 lenny_sleep",
	"Thu": "GOTO Tue",
	
}
