{
"Changes": [
	
//----------------------
//FlowerDance Map       
//----------------------
	{
		"Action": "EditMap",
		"Target": "Maps/Forest-FlowerFestival",
		"FromFile": "Assets/Map/Forest-FlowerFestivalPatch.tbin",
		"FromArea": { "X": 25, "Y": 8, "Width": 25, "Height": 37 },
		"ToArea": { "X": 25, "Y": 8, "Width": 25, "Height": 37 },
		"When": { "HasMod: |contains=FlashShifter.StardewValleyExpandedCP, DaisyNiko.SVR2": true },
		"PatchMode": "ReplaceByLayer",
	},
	{
		"Action": "Load",
		"Target": "Maps/Forest-FlowerFestival",
		"FromFile": "Assets/MapPatches/Forest-FlowerFestival.tbin",
		"When": { "HasMod: |contains=FlashShifter.StardewValleyExpandedCP, DaisyNiko.SVR2": false },
	},
	
//Wedding Patches (I think this only works when SVE is installed)
	{
		"Action": "EditData",
		"Target": "Data/CustomWeddingGuestPositions",
		"Entries": {
			"Olga": "29 69 0",
			"Trinnie": "30 69 0",
			"Bert": "31 69 0",
			"Lenny": "32 69 0"

			},
		"When": { "Relationship:Alissa": "Engaged" },
	},
	{
		"Action": "EditData",
		"Target": "Data/CustomWeddingGuestPositions",
		"Entries": {
			"Ysabelle": "29 69 0",
			"Richard": "30 69 0",
			"Ezekiel": "31 69 0",
			"Lenny": "32 69 0"

			},
		"When": { "Relationship:Corine": "Engaged" },
	},
	{
		"Action": "EditData",
		"Target": "Data/CustomWeddingGuestPositions",
		"Entries": {
			"Keahi": "29 69 0",
			"Trinnie": "30 69 0",
			"Yuuma": "31 69 0",
			"Lenny": "32 69 0"

			},
		"When": { "Relationship:Flor": "Engaged" },
	},
	{
		"Action": "EditData",
		"Target": "Data/CustomWeddingGuestPositions",
		"Entries": {
			"Aguar": "31 69 0",
			"Lenny": "32 69 0"

			},
		"When": { "Relationship:Maddie": "Engaged" },
	},
	{
		"Action": "EditData",
		"Target": "Data/CustomWeddingGuestPositions",
		"Entries": {
			"Corine": "29 69 0",
			"Richard": "30 69 0",
			"Ezekiel": "31 69 0",
			"Lenny": "32 69 0"

			},
		"When": { "Relationship:Ysabelle": "Engaged" },
	},
	{
		"Action": "EditData",
		"Target": "Data/CustomWeddingGuestPositions",
		"Entries": {
			"Lenny": "32 69 0"

			},
		"When": { "Relationship:Ian": "Engaged" },
	},
	{
		"Action": "EditData",
		"Target": "Data/CustomWeddingGuestPositions",
		"Entries": {
			"Lenny": "32 69 0"

			},
		"When": { "Relationship:Jeric": "Engaged" },
	},
	{
		"Action": "EditData",
		"Target": "Data/CustomWeddingGuestPositions",
		"Entries": {
			"Lenny": "32 69 0"

			},
		"When": { "Relationship:Kenneth": "Engaged" },
	},
	{
		"Action": "EditData",
		"Target": "Data/CustomWeddingGuestPositions",
		"Entries": {
			"Yuuma": "30 69 0",
			"Shiro": "31 69 0",
			"Lenny": "32 69 0"

			},
		"When": { "Relationship:Philip": "Engaged" },
	},
	{
		"Action": "EditData",
		"Target": "Data/CustomWeddingGuestPositions",
		"Entries": {
			"Yuuma": "29 69 0",
			"Philip": "30 69 0",
			"Lenny": "32 69 0"
			},
		"When": { "Relationship:Shiro": "Engaged" },
	},
	
]
}