{
    "name": "Ember of Resolutions",
    "conditions": "Custom_Ridgeside_Ridge/2200 2400",
    "set-up": "Cloth/-1000 -1000/farmer 44 77 0/changeToTemporaryMap Custom_Ridgeside_EmberNight/addLantern 23 46 72 3/addLantern 23 41 67 3/addLantern 23 47 59 3/addLantern 23 29 52 3/addLantern 23 51 48 3/addLantern 23 26 43 3/addLantern 23 53 42 3/addLantern 23 33 30 3/addLantern 23 46 30 3/addLantern 23 39 41 5/loadActors Set-Up/addTemporaryActor RSVBonfireLeft 64 96 36 42 2 false/addTemporaryActor RSVBonfireRight 64 96 40 42 2 false/advancedMove Pam true -3 0 2 5000 3 0 2 5000/advancedMove Pika true 0 -1 3 3000 0 2 3 3000 0 -1 3 3000/advancedMove Abigail true 0 -1 1 3000 0 2 1 3000 0 -1 1 3000/playerControl luau",
    "mainEvent": "null",
    "Abigail_spouse": "{{i18n:EmberNightDialogue.Abigail.spouse}}",
    "Leah_spouse": "{{i18n:EmberNightDialogue.Leah.spouse}}",
    "Maru_spouse": "{{i18n:EmberNightDialogue.Maru.spouse}}",
    "Penny_spouse": "{{i18n:EmberNightDialogue.Penny.spouse}}",
    "Haley_spouse": "{{i18n:EmberNightDialogue.Haley.spouse}}",
    "Sebastian_spouse": "{{i18n:EmberNightDialogue.Sebastian.spouse}}",
    "Sam_spouse": "{{i18n:EmberNightDialogue.Sam.spouse}}",
    "Alex_spouse": "{{i18n:EmberNightDialogue.Alex.spouse}}",
    "Harvey_spouse": "{{i18n:EmberNightDialogue.Harvey.spouse}}",
    "Elliott_spouse": "{{i18n:EmberNightDialogue.Elliott.spouse}}",
    "Emily_spouse": "{{i18n:EmberNightDialogue.Emily.spouse}}",
	"Shane_spouse": "{{i18n:EmberNightDialogue.Shane.spouse}}",
    "Abigail": "{{i18n:EmberNightDialogue.Abigail}}",
    "Robin": "{{i18n:EmberNightDialogue.Robin}}",
    "Demetrius": "{{i18n:EmberNightDialogue.Demetrius}}",
    "Maru": "{{i18n:EmberNightDialogue.Maru}}",
    "Sebastian": "{{i18n:EmberNightDialogue.Sebastian}}",
    "Pierre": "{{i18n:EmberNightDialogue.Pierre}}" ,
    "Caroline": "{{i18n:EmberNightDialogue.Caroline}}",
    "Linus": "{{i18n:EmberNightDialogue.Linus}}",
    "Alex": "{{i18n:EmberNightDialogue.Alex}}",
    "George": "{{i18n:EmberNightDialogue.George}}",
    "Evelyn": "{{i18n:EmberNightDialogue.Evelyn}}",
    "Lewis": "{{i18n:EmberNightDialogue.Lewis}}",
    "Clint": "{{i18n:EmberNightDialogue.Clint}}",
    "Emily": "{{i18n:EmberNightDialogue.Emily}}",
    "Penny": "{{i18n:EmberNightDialogue.Penny}}",
    "Pam": "{{i18n:EmberNightDialogue.Pam}}" ,
    "Haley": "{{i18n:EmberNightDialogue.Haley}}",
    "Jodi": "{{i18n:EmberNightDialogue.Jodi}}" ,
    "Kent": "{{i18n:EmberNightDialogue.Kent}}",
    "Sam": "{{i18n:EmberNightDialogue.Sam}}",
    "Leah": "{{i18n:EmberNightDialogue.Leah}}",
    "Shane": "{{i18n:EmberNightDialogue.Shane}}",
    "Marnie": "{{i18n:EmberNightDialogue.Marnie}}" ,
    "Elliott": "{{i18n:EmberNightDialogue.Elliott}}",
    "Gus": "{{i18n:EmberNightDialogue.Gus}}",
    "Harvey": "{{i18n:EmberNightDialogue.Harvey}}",
    "Jas": "{{i18n:EmberNightDialogue.Jas}}",
    "Vincent": "{{i18n:EmberNightDialogue.Vincent}}",
    "Willy": "{{i18n:EmberNightDialogue.Willy}}",

}
