{
"Changes": [
	
	/*********
	** East Scarpe
	*********/

	//Adds Eloise to Yuuma & Trinnie heart event.
	{
		"LogName": "BusStop Events with East Scarpe",
		"Action": "EditData",
		"Target": "Data/Events/BusStop",
		"When": { "HasMod: |contains=Lemurkat.JacobEloise.CP": true, },
		"Entries": {
		//Trinnie and other kids visit farmer (Trinnie 6 hearts)
			"75160108/f Trinnie 1500/t 800 1000/e 75160107/w sunny": "playful/4 23/farmer 2 23 1 Trinnie 5 23 3 Keahi 3 25 0 Vincent 4 22 2 Jas 5 24 3 Eloise 3 22 2/skippable/pause 500/emote farmer 16/pause 500/emote Trinnie 56 true/emote Vincent 32 true/emote Eloise 56 true/emote Jas 60/jump Keahi/pause 500/speak Trinnie \"{{i18n:InterModEvent.EastScarpe.Trinnie6Hearts.01}}\"/speak Eloise \"{{i18n:InterModEvent.EastScarpe.Trinnie6Hearts.02}}\"/speak Keahi \"{{i18n:InterModEvent.EastScarpe.Trinnie6Hearts.03}}\"/speak Vincent \"{{i18n:InterModEvent.EastScarpe.Trinnie6Hearts.04}}\"/speak Jas \"{{i18n:InterModEvent.EastScarpe.Trinnie6Hearts.05}}\"/emote farmer 8/pause 500/speak Trinnie \"{{i18n:InterModEvent.EastScarpe.Trinnie6Hearts.06}}\"/speak Vincent \"{{i18n:InterModEvent.EastScarpe.Trinnie6Hearts.07}}\"/speak Keahi \"{{i18n:InterModEvent.EastScarpe.Trinnie6Hearts.08}}\"/speak Eloise \"{{i18n:InterModEvent.EastScarpe.Trinnie6Hearts.09}}\"/speak Jas \"{{i18n:InterModEvent.EastScarpe.Trinnie6Hearts.10}}\"/emote Keahi 28/pause 500/emote farmer 28/pause 500/speak Trinnie \"{{i18n:InterModEvent.EastScarpe.Trinnie6Hearts.11}}\"/speak Keahi \"{{i18n:InterModEvent.EastScarpe.Trinnie6Hearts.12}}\"/speak Jas \"{{i18n:InterModEvent.EastScarpe.Trinnie6Hearts.13}}\"/speak Eloise \"{{i18n:InterModEvent.EastScarpe.Trinnie6Hearts.14}}\"/speak Vincent \"{{i18n:InterModEvent.EastScarpe.Trinnie6Hearts.15}}\"/faceDirection Trinnie 0/faceDirection Eloise 1/faceDirection Jas 0/emote Vincent 28/pause 500/speak Trinnie \"{{i18n:InterModEvent.EastScarpe.Trinnie6Hearts.16}}\"/speak Eloise \"{{i18n:InterModEvent.EastScarpe.Trinnie6Hearts.17}}\"/speak Jas \"{{i18n:InterModEvent.EastScarpe.Trinnie6Hearts.18}}\"/speak Keahi \"{{i18n:InterModEvent.EastScarpe.Trinnie6Hearts.19}}\"/emote farmer 28/pause 1000/end",
		
		//Yuuma looks at kids playing (Yuuma 4 hearts)
			"75160111/f Yuuma 1000/w sunny/e 75160110/t 1000 1200": "summer_day_ambient/15 21/farmer 11 23 1 Yuuma 15 22 0 Jas 17 15 3 Trinnie 15 15 1 Vincent 16 14 0 Keahi 18 16 0 Eloise 16 17 0/skippable/advancedMove Vincent true 2 0 0 2 -2 0 0 -2/advancedMove Keahi true -2 0 0 -2 2 0 0 2/pause 500/emote farmer 8/pause 500/move farmer 2 0 1/emote Yuuma 40/pause 500/faceDirection Yuuma 3/emote Yuuma 16/pause 500/move Yuuma 0 1 3/speak Yuuma \"{{i18n:InterModEvent.EastScarpe.Yuuma4Hearts.01}}\"/emote farmer 8/pause 500/faceDirection farmer 0/emote Yuuma 40/pause 500/faceDirection Yuuma 0/speak Yuuma \"{{i18n:InterModEvent.EastScarpe.Yuuma4Hearts.02}}\"/faceDirection Yuuma 1/speak Yuuma \"{{i18n:InterModEvent.EastScarpe.Yuuma4Hearts.03}}\"/faceDirection farmer 1/emote farmer 16/speed Yuuma 3/move Yuuma 10 0 1 true/pause 1500/end",
		},
	},
		//Adds Jacob and Eloise to Alissa's heart event.	
	{
		"LogName": "RidgesideVillage Map Events",
		"Action": "EditData",
		"Target": "Data/Events/Custom_Ridgeside_RidgesideVillage",
		"When": { "HasMod: |contains=Lemurkat.JacobEloise.CP": true, },
		"Entries": {
		//Alissa concert (Alissa 8 hearts part 2)
			"75160120/f Alissa 2000/e 75160119/w sunny/t 900 1400": "distantBanjo/88 52/farmer 88 56 0 Alissa 88 52 1 Jacob 78 47 1 Lenny 89 51 2 Olga 90 52 3 Bert 90 53 3 Keahi 91 49 2 Vincent 93 51 0 Eloise 94 51 0 Jas 94 49 2 Trinnie 95 50 3 Pika 81 56 2 Corine 80 58 0 Alex 91 47 3 Haley 89 47 1 Penny 95 46 2 Flor 94 46 2 Maru 96 47 3 Ysabelle 82 58 3 Richard 81 49 0 Ezekiel 82 49 0 Abigail 87 50 0 Kenneth 84 52 0 Sebastian 84 51 1 Sam 85 50 2 Elliott 92 52 1 Leah 93 52 3 Maddie 95 58 2 Lola 85 54 0 Freddie 84 54 0 Lewis 82 47 2 Willy 80 48 1 Shane 78 46 2 Caroline 84 48 1 Jodi 86 48 3 Emily 94 60 1/skippable/showFrame Alissa 21/advancedMove Keahi true 0 2 2 0 0 -2 -2 0/advancedMove Vincent true 0 -2 -2 0 0 2 2 0/animate Shane false true 100 20 20 20 20 20 20 20 20 20 20 20 21 22 23 24 24 24 24 24 24 23 22 21 20 20 20 20/pause 500/move farmer 0 -2 0/emote farmer 56/pause 500/showFrame Alissa 20/emote Alissa 32/pause 500/speak Alissa \"{{i18n:InterModEvent.EastScarpe.Alissa8Hearts.01}}\"/emote farmer 56/pause 500/speak Lenny \"{{i18n:InterModEvent.EastScarpe.Alissa8Hearts.02}}\"/showFrame Alissa 21/speak Alissa \"{{i18n:InterModEvent.EastScarpe.Alissa8Hearts.03}}\"/speak Olga \"{{i18n:InterModEvent.EastScarpe.Alissa8Hearts.04}}\"/speak Bert \"{{i18n:InterModEvent.EastScarpe.Alissa8Hearts.05}}\"/speak Alissa \"{{i18n:InterModEvent.EastScarpe.Alissa8Hearts.06}}\"/faceDirection Abigail 2/speak Abigail \"{{i18n:InterModEvent.EastScarpe.Alissa8Hearts.07}}\"/showFrame Alissa 22/speak Sam \"{{i18n:InterModEvent.EastScarpe.Alissa8Hearts.08}}\"/speak Sebastian \"{{i18n:InterModEvent.EastScarpe.Alissa8Hearts.09}}\"/emote Alissa 60/pause 500/speak Alissa \"{{i18n:InterModEvent.EastScarpe.Alissa8Hearts.10}}\"/speak Abigail \"{{i18n:InterModEvent.EastScarpe.Alissa8Hearts.11}}\"/speak Alissa \"{{i18n:InterModEvent.EastScarpe.Alissa8Hearts.12}}\"/faceDirection Abigail 3/showFrame Alissa 20/emote Alissa 60/pause 500/emote farmer 32/pause 500/speak Alissa \"{{i18n:InterModEvent.EastScarpe.Alissa8Hearts.13}}\"/pause 1000/globalFade/viewport -1000 -1000/stopMusic/speak Lenny \"{{i18n:InterModEvent.EastScarpe.Alissa8Hearts.14}}\"/speak Kenneth \"{{i18n:InterModEvent.EastScarpe.Alissa8Hearts.15}}\"/message \"{{i18n:InterModEvent.EastScarpe.Alissa8Hearts.16}}\"/stopAdvancedMoves/warp Trinnie 85 46/faceDirection Trinnie 0/warp Keahi 84 46/faceDirection Keahi 0/warp Jas 86 46/faceDirection Jas 0/warp Eloise 87 46/faceDirection Eloise 0/warp Vincent 88 46/faceDirection Vincent 0/warp Alex 89 47/faceDirection Alex 0/warp Haley 90 47/faceDirection Haley 0/warp Ysabelle 88 49/faceDirection Ysabelle 0/warp Corine 89 49/faceDirection Corine 0/warp Olga 84 48/faceDirection Olga 0/warp Bert 83 48/faceDirection Bert 0/warp farmer 86 48/faceDirection farmer 0/warp Flor 93 46/faceDirection Flor 3/warp Penny 92 47/faceDirection Penny 3/warp Maru 92 48/faceDirection Maru 3/warp Shane 84 50/stopAnimation Shane 0/faceDirection Shane 0/warp Pika 86 51/faceDirection Pika 0/warp Ezekiel 88 51/faceDirection Ezekiel 0/warp Richard 81 49/faceDirection Richard 0/warp Lewis 80 49/faceDirection Lewis 0/warp Willy 79 48/faceDirection Willy 0/warp Emily 82 46/faceDirection Emily 0/warp Maddie 91 49/faceDirection Maddie 0/warp Jodi 91 51/faceDirection Jodi 0/warp Caroline 90 51/faceDirection Caroline 0/warp Kenneth 79 43/faceDirection Kenneth 1/faceDirection Elliott 0/faceDirection Leah 0/warp Sebastian 89 44/faceDirection Sebastian 2/positionOffset Sebastian 20 -20/warp Abigail 83 43/faceDirection Abigail 2/positionOffset Abigail 40 -24/warp Sam 87 43/showFrame Sam 20/warp Lenny 79 46/faceDirection Lenny 1/warp Alissa 86 44/showFrame Alissa 20/fade/viewport 86 45/pause 1000/emote Alissa 60/pause 500/speak Alissa \"{{i18n:InterModEvent.EastScarpe.Alissa8Hearts.17}}\"/speak Trinnie \"{{i18n:InterModEvent.EastScarpe.Alissa8Hearts.18}}\"/speak Ysabelle \"{{i18n:InterModEvent.EastScarpe.Alissa8Hearts.19}}\"/speak Emily \"{{i18n:InterModEvent.EastScarpe.Alissa8Hearts.20}}\"/speak Sam \"{{i18n:InterModEvent.EastScarpe.Alissa8Hearts.21}}\"/playMusic cm:AlissaConcert/animate Alissa false true 400 19 19 19 27 27 19/animate Abigail false true 118 49 34 35 48/animate Sam false true 236 20 21/animate Sebastian false true 118 42 43 52 53/animate Keahi false true 236 16 17 18 17/animate Vincent false true 236 20 8 21 8/animate Emily false true 236 16 17/animate Maru false true 236 29 30/animate Olga false true 300 24 25/animate Bert false true 300 24 25/animate Emily false true 236 16 17/animate Leah false true 236 30 31/animate Elliott false true 236 36 37/animate Ysabelle false true 200 34 35/animate Corine false true 300 34 35/pause 106500/stopMusic/playMusic cm:AlissaTheme/stopAnimation Alissa/stopAnimation Sebastian/stopAnimation Abigail/stopAnimation Sam/stopAnimation Keahi/stopAnimation Vincent/stopAnimation Emily/stopAnimation Maru/stopAnimation Olga/stopAnimation Bert/stopAnimation Leah/stopAnimation Elliott/stopAnimation Ysabelle/stopAnimation Corine/speak Lewis \"{{i18n:InterModEvent.EastScarpe.Alissa8Hearts.22}}\"/speak Ysabelle \"{{i18n:InterModEvent.EastScarpe.Alissa8Hearts.23}}\"/speak Alex \"{{i18n:InterModEvent.EastScarpe.Alissa8Hearts.24}}\"/speak Emily \"{{i18n:InterModEvent.EastScarpe.Alissa8Hearts.25}}\"/speak Shane \"{{i18n:InterModEvent.EastScarpe.Alissa8Hearts.26}}\"/speak Lenny \"{{i18n:InterModEvent.EastScarpe.Alissa8Hearts.27}}\"/speak Jas \"{{i18n:InterModEvent.EastScarpe.Alissa8Hearts.28}}\"/speak Keahi \"{{i18n:InterModEvent.EastScarpe.Alissa8Hearts.29}}\"/speak Olga \"{{i18n:InterModEvent.EastScarpe.Alissa8Hearts.30}}\"/speak Alissa \"{{i18n:InterModEvent.EastScarpe.Alissa8Hearts.31}}\"/emote farmer 20/pause 300/emote Alissa 60/pause 2000/globalFade/viewport -1000 -1000/message \"{{i18n:InterModEvent.EastScarpe.Alissa8Hearts.32}}\"/end dialogue Alissa \"{{i18n:InterModEvent.EastScarpe.Alissa8Hearts.33}}\"",
		},
	},

	/*********
	** NPC Exclusions
	*********/
		{
			"Action": "EditData",
			"Target": "Data/CustomNPCExclusions",
			"Entries": {
				"Kiwi": "ALL",
				"Jio": "ALL",
				"Undreya": "ALL",
				"Helen": "ALL",
			}
		},

	/*********
	** AntiSocial NPCs
	*********/	
		{
			"LogName": "Antisocial NPCs",
			"Action": "EditData",
			"Target": "Data/AntiSocialNPCs",
			"Entries": {
				"Undreya": true,
				"Helen": true,
				"Kiwi": true,
			}
		},

	/*********
	** Karmylla's Immersive Maps
	*********/	

	{
		"LogName": "Karmylla's Map Patch - Flor",
		"Action": "EditData",
		"Target": "Characters/schedules/Flor",
		"Entries": { "Tue": "610 Town 103 90 2/1100 ArchaeologyHouse 11 10 2 flor_read/1400 Town 89 100 3/1600 Custom_Ridgeside_LogCabinHotel2ndFloor 2 9 1/2200 Custom_Ridgeside_LogCabinHotel2ndFloor 3 5 0 flor_sleep", },
		"When": { "HasMod: |contains=Karmylla.ImmersiveMaps": true, },
	},
	
	{
		"LogName": "Karmylla's Map Patch - Keahi",
		"Action": "EditData",
		"Target": "Characters/schedules/Keahi",
		"Entries": { "Tue": "610 Town 103 92 2 square_2_2_2/1100 ArchaeologyHouse 15 11 1/1130 ArchaeologyHouse 14 11 3 keahi_read/1400 Town 86 98 2 square_2_2_2/1600 Custom_Ridgeside_RidgesideVillage 76 60 2 square_1_2_2/1800 Custom_Ridgeside_PikaHouse 7 10 3/2200 Custom_Ridgeside_PikaHouse 26 5 0 keahi_sleep", },
		"When": { "HasMod: |contains=Karmylla.ImmersiveMaps": true, },
	},

	/*********
	** Stardew Valley Expanded
	*********/	
	//Kenneth SVE Schedule Change
	{
		"LogName": "Kenneth SVE Schedule",
		"Action": "EditData",
		"Target": "Characters/schedules/Kenneth",
		"Entries": {
			"spring": "700 Town 24 54 0 kenneth_fixback/900 Town 25 61 3 kenneth_fixleft/930 Town 33 57 0 kenneth_fixback/1000 Town 37 67 1 kenneth_fixright/1030 Town 30 74 2 kenneth_fixfront/1100 Town 27 74 2 kenneth_fixfront/1130 Town 21 67 3 kenneth_fixleft/1200 Custom_Ridgeside_RidgesideVillage 80 38 3/1400 Custom_Ridgeside_RidgesideVillage 89 38 1/1800 Custom_Ridgeside_KennethHouse 5 8 3/2200 Custom_Ridgeside_KennethHouse 16 5 1 kenneth_sleep",
			"summer": "700 Town 24 54 0 kenneth_fixback/900 Town 25 61 3 kenneth_fixleft/930 Town 33 57 0 kenneth_fixback/1000 Town 37 67 1 kenneth_fixright/1030 Town 30 74 2 kenneth_fixfront/1100 Town 27 74 2 kenneth_fixfront/1130 Town 21 67 3 kenneth_fixleft/1200 Custom_Ridgeside_RidgesideVillage 84 61 2/1800 Custom_Ridgeside_KennethHouse 5 8 3/2200 Custom_Ridgeside_KennethHouse 16 5 1 kenneth_sleep",
			"fall": "700 Town 24 54 0 kenneth_fixback/900 Town 25 61 3 kenneth_fixleft/930 Town 33 57 0 kenneth_fixback/1000 Town 37 67 1 kenneth_fixright/1030 Town 30 74 2 kenneth_fixfront/1100 Town 27 74 2 kenneth_fixfront/1130 Town 21 67 3 kenneth_fixleft/1200 ScienceHouse 2 22 1/1500 Mountain 20 26 2/1800 Custom_Ridgeside_KennethHouse 5 8 3/2200 Custom_Ridgeside_KennethHouse 16 5 1 kenneth_sleep",
			"winter": "700 Town 24 54 0 kenneth_fixback/900 Town 25 61 3 kenneth_fixleft/930 Town 33 57 0 kenneth_fixback/1000 Town 37 67 1 kenneth_fixright/1030 Town 30 74 2 kenneth_fixfront/1100 Town 27 74 2 kenneth_fixfront/1130 Town 21 67 3 kenneth_fixleft/1200 Mountain 30 21 0/1800 Custom_Ridgeside_KennethHouse 5 8 3/2200 Custom_Ridgeside_KennethHouse 16 5 1 kenneth_sleep",
			"marriage_Mon": "700 Town 24 54 0 kenneth_fixback/900 Town 25 61 3 kenneth_fixleft/930 Town 33 57 0 kenneth_fixback/1000 Town 37 67 1 kenneth_fixright/1030 Town 30 74 2 kenneth_fixfront/1100 Town 27 74 2 kenneth_fixfront/1130 Town 21 67 3 kenneth_fixleft/1200 Custom_Ridgeside_RidgesideVillage 80 38 3/1400 Custom_Ridgeside_RidgesideVillage 89 38 1/2200 BusStop -1 23 3",
		},
		"When": { "HasMod: |contains=FlashShifter.StardewValleyExpandedCP": true, },
	},

	//SVE World Map Compatibility.
 	{
		"LogName": "Map Replaces SVE Map with NPC Map Locations installed",
		"Action": "EditImage",
		"Target": "LooseSprites/map",
		"FromFile": "Assets/MapPatches/SVEcompat/{{season}}_map.png",
		"FromArea": { "X": 0, "Y": 53, "Width": 58, "Height": 78 }, 
		"ToArea": { "X": 0, "Y": 53, "Width": 58, "Height": 78 },
		"PatchMode": "Overlay",
		"When": { "HasMod: |contains=FlashShifter.StardewValleyExpandedCP": true, "HasMod: |contains=Bouhm.NPCMapLocations": true },
	},
 	{
		"LogName": "SVE Map Overlay 2 with NPC Map Locations installed",
		"Action": "EditImage",
		"Target": "LooseSprites/map",
		"FromFile": "Assets/MapPatches/SVEcompat/{{season}}_map.png",
		"FromArea": { "X": 0, "Y": 180, "Width": 58, "Height": 183 }, 
		"ToArea": { "X": 0, "Y": 180, "Width": 58, "Height": 183 },
		"PatchMode": "Overlay",
		"When": { "HasMod: |contains=FlashShifter.StardewValleyExpandedCP": true, "HasMod: |contains=Bouhm.NPCMapLocations": true },
	},
 	{
		"LogName": "SVE Map Overlay 3",
		"Action": "EditImage",
		"Target": "LooseSprites/map",
		"FromFile": "Assets/MapPatches/SVEcompat/{{season}}_map.png",
		"FromArea": { "X": 131, "Y": 180, "Width": 58, "Height": 183 }, 
		"ToArea": { "X": 131, "Y": 180, "Width": 58, "Height": 183 },
		"PatchMode": "Overlay",
		"When": { "HasMod: |contains=FlashShifter.StardewValleyExpandedCP": true, "HasMod: |contains=Bouhm.NPCMapLocations": false },
	},
	{
		"LogName": "Replaces SVE MAP",
		"Action": "EditImage",
		"Target": "LooseSprites/map",
		"FromFile": "Assets/MapPatches/SVEcompat/{{season}}_map.png",
		"FromArea": { "X": 0, "Y": 53, "Width": 58, "Height": 78 }, 
		"ToArea": { "X": 0, "Y": 53, "Width": 58, "Height": 78 },
		"PatchMode": "Overlay",
		"When": { "HasMod: |contains=FlashShifter.StardewValleyExpandedCP": true, "HasMod: |contains=Bouhm.NPCMapLocations": false },
	},
 	{
		"LogName": "Map Overlay 2",
		"Action": "EditImage",
		"Target": "LooseSprites/map",
		"FromFile": "Assets/MapPatches/SVEcompat/{{season}}_map.png",
		"FromArea": { "X": 0, "Y": 180, "Width": 58, "Height": 183 }, 
		"ToArea": { "X": 0, "Y": 180, "Width": 58, "Height": 183 },
		"PatchMode": "Overlay",
		"When": { "HasMod: |contains=FlashShifter.StardewValleyExpandedCP": true, "HasMod: |contains=Bouhm.NPCMapLocations": false },
	},
 	{
		"LogName": "Map Overlay 3",
		"Action": "EditImage",
		"Target": "LooseSprites/map",
		"FromFile": "Assets/MapPatches/MapPatches/SVEcompat/{{season}}_map.png",
		"FromArea": { "X": 131, "Y": 180, "Width": 58, "Height": 183 }, 
		"ToArea": { "X": 131, "Y": 180, "Width": 58, "Height": 183 },
		"PatchMode": "Overlay",
		"When": { "HasMod: |contains=FlashShifter.StardewValleyExpandedCP": true, "HasMod: |contains=Bouhm.NPCMapLocations": false },
	},

	//GPF Compat
 	{
		"LogName": "Map Replace SVE",
		"Action": "EditImage",
		"Target": "LooseSprites/map",
		"FromFile": "Assets/MapPatches/GPFcompat/{{season}}_map.png",
		"FromArea": { "X": 0, "Y": 53, "Width": 58, "Height": 78 }, 
		"ToArea": { "X": 0, "Y": 53, "Width": 58, "Height": 78 },
		"PatchMode": "Overlay",
		"When": { "HasMod: |contains=flashshifter.GrandpasFarm": true, "HasMod: |contains=Bouhm.NPCMapLocations": true },
	},
 	{
		"LogName": "Map Overlay 2",
		"Action": "EditImage",
		"Target": "LooseSprites/map",
		"FromFile": "Assets/MapPatches/GPFcompat/{{season}}_map.png",
		"FromArea": { "X": 0, "Y": 180, "Width": 58, "Height": 183 }, 
		"ToArea": { "X": 0, "Y": 180, "Width": 58, "Height": 183 },
		"PatchMode": "Overlay",
		"When": { "HasMod: |contains=flashshifter.GrandpasFarm": true, "HasMod: |contains=Bouhm.NPCMapLocations": true },
	},
 	{
		"LogName": "Map Overlay 3",
		"Action": "EditImage",
		"Target": "LooseSprites/map",
		"FromFile": "Assets/MapPatches/GPFcompat/{{season}}_map.png",
		"FromArea": { "X": 131, "Y": 180, "Width": 58, "Height": 183 }, 
		"ToArea": { "X": 131, "Y": 180, "Width": 58, "Height": 183 },
		"PatchMode": "Overlay",
		"When": { "HasMod: |contains=flashshifter.GrandpasFarm": true, "HasMod: |contains=Bouhm.NPCMapLocations": false },
	},
	{
		"LogName": "Map Replace SVE",
		"Action": "EditImage",
		"Target": "LooseSprites/map",
		"FromFile": "Assets/MapPatches/GPFcompat/{{season}}_map.png",
		"FromArea": { "X": 0, "Y": 53, "Width": 58, "Height": 78 }, 
		"ToArea": { "X": 0, "Y": 53, "Width": 58, "Height": 78 },
		"PatchMode": "Overlay",
		"When": { "HasMod: |contains=flashshifter.GrandpasFarm": true, "HasMod: |contains=Bouhm.NPCMapLocations": false },
	},
 	{
		"LogName": "Map Overlay 2",
		"Action": "EditImage",
		"Target": "LooseSprites/map",
		"FromFile": "Assets/MapPatches/GPFcompat/{{season}}_map.png",
		"FromArea": { "X": 0, "Y": 180, "Width": 58, "Height": 183 }, 
		"ToArea": { "X": 0, "Y": 180, "Width": 58, "Height": 183 },
		"PatchMode": "Overlay",
		"When": { "HasMod: |contains=flashshifter.GrandpasFarm": true, "HasMod: |contains=Bouhm.NPCMapLocations": false },
	},
 	{
		"LogName": "Map Overlay 3",
		"Action": "EditImage",
		"Target": "LooseSprites/map",
		"FromFile": "Assets/MapPatches/GPFcompat/{{season}}_map.png",
		"FromArea": { "X": 131, "Y": 180, "Width": 58, "Height": 183 }, 
		"ToArea": { "X": 131, "Y": 180, "Width": 58, "Height": 183 },
		"PatchMode": "Overlay",
		"When": { "HasMod: |contains=flashshifter.GrandpasFarm": true, "HasMod: |contains=Bouhm.NPCMapLocations": false },
	},	
	//IFR2 Compat
 	{
		"LogName": "Map Replace SVE",
		"Action": "EditImage",
		"Target": "LooseSprites/map",
		"FromFile": "Assets/MapPatches/IFR2compat/{{season}}_map.png",
		"FromArea": { "X": 0, "Y": 53, "Width": 58, "Height": 78 }, 
		"ToArea": { "X": 0, "Y": 53, "Width": 58, "Height": 78 },
		"PatchMode": "Overlay",
		"When": { "HasMod: |contains=flashshifter.immersivefarm2remastered": true, "HasMod: |contains=Bouhm.NPCMapLocations": true },
	},
 	{
		"LogName": "Map Overlay 2",
		"Action": "EditImage",
		"Target": "LooseSprites/map",
		"FromFile": "Assets/MapPatches/IFR2compat/{{season}}_map.png",
		"FromArea": { "X": 0, "Y": 180, "Width": 58, "Height": 183 }, 
		"ToArea": { "X": 0, "Y": 180, "Width": 58, "Height": 183 },
		"PatchMode": "Overlay",
		"When": { "HasMod: |contains=flashshifter.immersivefarm2remastered": true, "HasMod: |contains=Bouhm.NPCMapLocations": true },
	},
 	{
		"LogName": "Map Overlay 3",
		"Action": "EditImage",
		"Target": "LooseSprites/map",
		"FromFile": "Assets/MapPatches/IFR2compat/{{season}}_map.png",
		"FromArea": { "X": 131, "Y": 180, "Width": 58, "Height": 183 }, 
		"ToArea": { "X": 131, "Y": 180, "Width": 58, "Height": 183 },
		"PatchMode": "Overlay",
		"When": { "HasMod: |contains=flashshifter.immersivefarm2remastered": true, "HasMod: |contains=Bouhm.NPCMapLocations": false },
	},
	{
		"LogName": "Map Replace SVE",
		"Action": "EditImage",
		"Target": "LooseSprites/map",
		"FromFile": "Assets/MapPatches/IFR2compat/{{season}}_map.png",
		"FromArea": { "X": 0, "Y": 53, "Width": 58, "Height": 78 }, 
		"ToArea": { "X": 0, "Y": 53, "Width": 58, "Height": 78 },
		"PatchMode": "Overlay",
		"When": { "HasMod: |contains=flashshifter.immersivefarm2remastered": true, "HasMod: |contains=Bouhm.NPCMapLocations": false },
	},
 	{
		"LogName": "Map Overlay 2",
		"Action": "EditImage",
		"Target": "LooseSprites/map",
		"FromFile": "Assets/MapPatches/IFR2compat/{{season}}_map.png",
		"FromArea": { "X": 0, "Y": 180, "Width": 58, "Height": 183 }, 
		"ToArea": { "X": 0, "Y": 180, "Width": 58, "Height": 183 },
		"PatchMode": "Overlay",
		"When": { "HasMod: |contains=flashshifter.immersivefarm2remastered": true, "HasMod: |contains=Bouhm.NPCMapLocations": false },
	},
 	{
		"LogName": "Map Overlay 3",
		"Action": "EditImage",
		"Target": "LooseSprites/map",
		"FromFile": "Assets/MapPatches/IFR2compat/{{season}}_map.png",
		"FromArea": { "X": 131, "Y": 180, "Width": 58, "Height": 183 }, 
		"ToArea": { "X": 131, "Y": 180, "Width": 58, "Height": 183 },
		"PatchMode": "Overlay",
		"When": { "HasMod: |contains=flashshifter.immersivefarm2remastered": true, "HasMod: |contains=Bouhm.NPCMapLocations": false },
	},	

	//Custom Wedding Patches (Not sure if this actually works)
	{
		"Action": "EditData",
		"Target": "Data/CustomWeddingGuestPositions",
		"Entries": {
			"Olga": "29 69 0",
			"Trinnie": "30 69 0",
			"Bert": "31 69 0",
			"Lenny": "32 69 0"

			},
		"When": { "Relationship:Alissa": "Engaged" },
	},
	{
		"Action": "EditData",
		"Target": "Data/CustomWeddingGuestPositions",
		"Entries": {
			"Ysabelle": "29 69 0",
			"Richard": "30 69 0",
			"Ezekiel": "31 69 0",
			"Lenny": "32 69 0"

			},
		"When": { "Relationship:Corine": "Engaged" },
	},
	{
		"Action": "EditData",
		"Target": "Data/CustomWeddingGuestPositions",
		"Entries": {
			"Keahi": "29 69 0",
			"Trinnie": "30 69 0",
			"Yuuma": "31 69 0",
			"Lenny": "32 69 0"

			},
		"When": { "Relationship:Flor": "Engaged" },
	},
	{
		"Action": "EditData",
		"Target": "Data/CustomWeddingGuestPositions",
		"Entries": {
			"Aguar": "31 69 0",
			"Lenny": "32 69 0"

			},
		"When": { "Relationship:Maddie": "Engaged" },
	},
	{
		"Action": "EditData",
		"Target": "Data/CustomWeddingGuestPositions",
		"Entries": {
			"Corine": "29 69 0",
			"Richard": "30 69 0",
			"Ezekiel": "31 69 0",
			"Lenny": "32 69 0"

			},
		"When": { "Relationship:Ysabelle": "Engaged" },
	},
	{
		"Action": "EditData",
		"Target": "Data/CustomWeddingGuestPositions",
		"Entries": {
			"Lenny": "32 69 0"

			},
		"When": { "Relationship:Ian": "Engaged" },
	},
	{
		"Action": "EditData",
		"Target": "Data/CustomWeddingGuestPositions",
		"Entries": {
			"Lenny": "32 69 0"

			},
		"When": { "Relationship:Jeric": "Engaged" },
	},
	{
		"Action": "EditData",
		"Target": "Data/CustomWeddingGuestPositions",
		"Entries": {
			"Lenny": "32 69 0"

			},
		"When": { "Relationship:Kenneth": "Engaged" },
	},
	{
		"Action": "EditData",
		"Target": "Data/CustomWeddingGuestPositions",
		"Entries": {
			"Yuuma": "30 69 0",
			"Shiro": "31 69 0",
			"Lenny": "32 69 0"

			},
		"When": { "Relationship:Philip": "Engaged" },
	},
	{
		"Action": "EditData",
		"Target": "Data/CustomWeddingGuestPositions",
		"Entries": {
			"Yuuma": "29 69 0",
			"Philip": "30 69 0",
			"Lenny": "32 69 0"
			},
		"When": { "Relationship:Shiro": "Engaged" },
	},	
]
}