{
"Changes": [
	
//----------------------
//FlowerDance Map       
//----------------------
	{
		"Action": "EditMap",
		"Target": "Maps/Forest-FlowerFestival",
		"FromFile": "Assets/MapPatches/Forest-FlowerFestivalPatch.tbin",
		"FromArea": { "X": 25, "Y": 8, "Width": 25, "Height": 37 },
		"ToArea": { "X": 25, "Y": 8, "Width": 25, "Height": 37 },
		"When": { "HasMod: |contains=FlashShifter.StardewValleyExpandedCP, DaisyNiko.SVR2": true },
		"PatchMode": "ReplaceByLayer",
	},
	{
		"Action": "Load",
		"Target": "Maps/Forest-FlowerFestival",
		"FromFile": "Assets/MapPatches/Forest-FlowerFestival.tbin",
		"When": { "HasMod: |contains=FlashShifter.StardewValleyExpandedCP, DaisyNiko.SVR2": false },
	},
	
		/*********
		** Add Map Merges
		*********/
     	 {
         "Action": "EditMap",
         "Target": "Maps/BusStop",
         "FromFile": "Assets/MapPatches/RSVBusStop.tbin",
         "FromArea": { "X": 23, "Y": 0, "Width": 12, "Height": 6 },
         "ToArea": { "X": 23, "Y": 0, "Width": 12, "Height": 6 },
         "PatchMode": "Replace"
      	},
     	 {
         "Action": "EditMap",
         "Target": "Maps/Backwoods",
         "FromFile": "Assets/MapPatches/RSVLine.tbin",
         "FromArea": { "X": 0, "Y": 0, "Width": 50, "Height": 12 },
         "ToArea": { "X": 0, "Y": 0, "Width": 50, "Height": 12 },
         "PatchMode": "Overlay"
      	},
     	 {
         "Action": "EditMap",
         "Target": "Maps/Custom_Ridgeside_RidgesideVillage",
         "FromFile": "Assets/MapPatches/AguarWaterfalls.tbin",
         "FromArea": { "X": 0, "Y": 0, "Width": 1, "Height": 1 },
         "ToArea": { "X": 63, "Y": 106, "Width": 1, "Height": 1 },
         "PatchMode": "Replace",
         "When": {
			"HasSeenEvent: hostPlayer |contains=75160063": true,
		}         
      	},
     	 {
         "Action": "EditMap",
         "Target": "Maps/Custom_Ridgeside_AguarCave",
         "FromFile": "Assets/MapPatches/AguarCaveFixed.tbin",
         "FromArea": { "X": 0, "Y": 0, "Width": 20, "Height": 25 },
         "ToArea": { "X": 0, "Y": 0, "Width": 20, "Height": 25 },
         "PatchMode": "Replace",
         "When": {
			"HasSeenEvent: hostPlayer |contains=75160064": true,
		}         
      	},
     	 {
         "Action": "EditMap",
         "Target": "Maps/Custom_Ridgeside_LogCabinHotel3rdFloor",
         "FromFile": "Assets/MapPatches/Richard8HeartsEffect.tbin",
         "FromArea": { "X": 0, "Y": 0, "Width": 1, "Height": 2 },
         "ToArea": { "X": 6, "Y": 13, "Width": 1, "Height": 2 },
         "PatchMode": "Replace",
         "When": {
			"HasSeenEvent: hostPlayer |contains=75160105": true,
		}         
      	},        	      	
     	 {
         "Action": "EditMap",
         "Target": "Maps/Custom_Ridgeside_RSVNinjaHouse",
         "FromFile": "Assets/MapPatches/RSVJioShop.tbin",
         "FromArea": { "X": 0, "Y": 0, "Width": 1, "Height": 2 },
         "ToArea": { "X": 10, "Y": 5, "Width": 1, "Height": 2 },
         "PatchMode": "Replace",
         "When": {
			"HasSeenEvent: hostPlayer |contains=75160187": true,
		}         
      	}, 
     	 {
         "Action": "EditMap",
         "Target": "Maps/Custom_Ridgeside_RidgesideVillage",
         "FromFile": "Assets/MapPatches/UnlockGH1.tbin",
         "FromArea": { "X": 0, "Y": 0, "Width": 7, "Height": 10 },
         "ToArea": { "X": 50, "Y": 57, "Width": 7, "Height": 10 },
         "PatchMode": "Replace",
         "When": {
			 "HasFlag": "GH1letter",
		}         
      	}, 
     	 {
         "Action": "EditMap",
         "Target": "Maps/Custom_Ridgeside_RSVTheHike",
         "FromFile": "Assets/MapPatches/UnlockGH2.tbin",
         "FromArea": { "X": 0, "Y": 0, "Width": 7, "Height": 10 },
         "ToArea": { "X": 35, "Y": 14, "Width": 7, "Height": 10 },
         "PatchMode": "Replace",
    	 "When": {
             "Year": "3",
             "Time": "{{Range: 2000, 2600}}",
      	}
      	},       	      	      	      	   
	
]
}