{
"Changes": [

	/*********
	** Disposition Changes
	*********/

	// Yuuma stays with Lenny when Farmer is married to Shiro
//	{
//		"LogName": "NPC Dispositions",
//		"Action": "EditData",
//		"Target": "Data/NPCDispositions",
//		"Entries": {
//			"Yuuma": "child/neutral/neutral/neutral/male/non-datable/null/Town/fall 4/Shiro 'brother'/Custom_Ridgeside_LennyHouse 21 6/{{i18n:Name.Yuuma}}",
//		},
//		"When": {   "Relationship:Shiro": "Married" },
//	},	

	/*********
	** Schedule Changes
	*********/	

	{
		"LogName": "Corine Schedule Change",
		"Action": "EditData",
		"Target": "Characters/Schedules/Corine",
		"Entries": {
			"Thu": "610 Custom_Ridgeside_RidgesideVillage 133 86 2 corine_train/1200 Custom_Ridgeside_RidgesideVillage 140 86 2 corine_meditate/1500 Custom_Ridgeside_RidgesideVillage 135 87 1 corine_slash/1900 Custom_Ridgeside_EzekielHouse 24 5 0/2200 Custom_Ridgeside_Ridge 76 38 2",
		},
		"When": { "HasSeenEvent: hostPlayer": 75160125, },
	},
	{
		"LogName": "Ian Schedule Change",
		"Action": "EditData",
		"Target": "Characters/Schedules/Ian",
		"Entries": {
			"Fri": "800 Custom_Ridgeside_LogCabinHotelLobby 2 15 2/1200 ArchaeologyHouse 17 14 2/1800 Custom_Ridgeside_RidgesideVillage 95 65 2/2200 Custom_Ridgeside_IanHouse 17 9 0 ian_sleep",
		},
		"When": { "HasSeenEvent: hostPlayer": 75160149, },
	},

		//Kiwi dynamics
		{
			//Temporary Schedule
			"Action": "Load",
			"Target": "Characters/Schedules/Kiwi",
			"FromFile": "Assets/Schedules/BlankSchedule.json",
			"When": {
				"HasSeenEvent: hostPlayer |contains=75160188": false
			},
		},
		{
		//Official Schedule
			"Action": "Load",
			"Target": "Characters/Schedules/Kiwi",
			"FromFile": "Assets/Schedules/Kiwi.json",
			"When": {
				"HasSeenEvent: hostPlayer |contains=75160188": true
			},
		},
//	{
//		"LogName": "Yuuma Shiro Married Schedule",
//		"Action": "EditData",
//		"Target": "Characters/Schedules/Yuuma",
//		"Entries": {
//			"spring": "900 Custom_Ridgeside_LennyHouse 22 12 0 square_3_1_0/1400 Hospital 13 17 1/1600 Custom_Ridgeside_LennyHouse 3 5 0/2000 Custom_Ridgeside_LennyHouse 14 5 0 yuuma_sleep",
//			"summer": "900 Custom_Ridgeside_LennyHouse 22 12 0 square_3_1_0/1400 Hospital 13 17 1/1600 Custom_Ridgeside_LennyHouse 3 5 0/2000 Custom_Ridgeside_LennyHouse 14 5 0 yuuma_sleep",
//			"fall": "900 Custom_Ridgeside_LennyHouse 22 12 0 square_3_1_0/1400 Hospital 13 17 1/1600 Custom_Ridgeside_LennyHouse 3 5 0/2000 Custom_Ridgeside_LennyHouse 14 5 0 yuuma_sleep",
//			"winter": "900 Custom_Ridgeside_LennyHouse 22 12 0 square_3_1_0/1400 Hospital 13 17 1/1600 Custom_Ridgeside_LennyHouse 3 5 0/2000 Custom_Ridgeside_LennyHouse 14 5 0 yuuma_sleep",
//		},
//		"When": {   "Relationship:Shiro": "Married" },
//	},	

	/*********
	** Portrait Changes
	*********/	
	
	{
		"LogName": "Corine Ninja Outfit Portrait",
		"Action": "EditImage",
		"Target": "Portraits/Corine",
		"FromFile": "Assets/Portraits/Corine/{{CorinePortraitStyle}}_Ninja.png",
		"Update": "OnLocationChange",
		"When": {
			"HasSeenEvent: hostPlayer": 75160125,
			"LocationName": "Custom_Ridgeside_RidgesideVillage, Custom_Ridgeside_Ridge, Farm, FarmHouse",
			"DayOfWeek": "Thursday",
		},
	},

		/*********
		** Seasonal Portraits
		*********/	
			/*********
			** Alissa
			*********/	
				/*********
				** Summer
				*********/	
		{
            "LogName": "Alissa - Summer",			
			"Action": "EditImage",
			"Target": "Portraits/Alissa",
			"FromFile": "Assets/Portraits/Alissa/Seasonal/{{Season}}_{{AlissaPortraitStyle}}.png",
			"PatchMode": "Replace",
            "When": {
                "Season": "Summer",
            },
            "Update": "OnLocationChange"			
		},
				/*********
				** Fall
				*********/	
		{
            "LogName": "Alissa - Fall",			
			"Action": "EditImage",
			"Target": "Portraits/Alissa",
			"FromFile": "Assets/Portraits/Alissa/Seasonal/{{Season}}_{{AlissaPortraitStyle}}.png",
			"PatchMode": "Replace",
            "When": {
                "Season": "Fall",          
            },
            "Update": "OnLocationChange"			
		},
				/*********
				** Winter
				*********/			
		{
            "LogName": "Alissa - Winter",			
			"Action": "EditImage",
			"Target": "Portraits/Alissa",
			"FromFile": "Assets/Portraits/Alissa/Seasonal/{{Season}}_{{AlissaPortraitStyle}}.png",
			"PatchMode": "Replace",
            "When": {
                "Season": "Winter",
            },
            "Update": "OnLocationChange"			
		},
		{
            "LogName": "Alissa - Winter - Inside",			
			"Action": "EditImage",
			"Target": "Portraits/Alissa",
			"FromFile": "Assets/Portraits/Alissa/Seasonal/Inside_{{Season}}_{{AlissaPortraitStyle}}.png",
			"PatchMode": "Replace",
            "When": {
                "Season": "Winter",
				"LocationName": "Custom_Ridgeside_AlissaHouse, Custom_Ridgeside_AlissaShed, Custom_Ridgeside_BertHouse, Custom_Ridgeside_LennyHouse, SeedShop, AnimalShop, FarmHouse",                
            },
            "Update": "OnLocationChange"			
		},
			/*********
			** Corine
			*********/	
				/*********
				** Summer
				*********/	
		{
            "LogName": "Corine - Summer",			
			"Action": "EditImage",
			"Target": "Portraits/Corine",
			"FromFile": "Assets/Portraits/Corine/Seasonal/{{Season}}_{{CorinePortraitStyle}}.png",
			"PatchMode": "Replace",
            "When": {
                "Season": "Summer",
            },
            "Update": "OnLocationChange"			
		},						
				/*********
				** Fall
				*********/	
		{
            "LogName": "Corine - Fall",			
			"Action": "EditImage",
			"Target": "Portraits/Corine",
			"FromFile": "Assets/Portraits/Corine/Seasonal/{{Season}}_{{CorinePortraitStyle}}.png",
			"PatchMode": "Replace",
            "When": {
                "Season": "Fall",          
            },
            "Update": "OnLocationChange"			
		},
				/*********
				** Winter
				*********/			
		{
            "LogName": "Corine - Winter",			
			"Action": "EditImage",
			"Target": "Portraits/Corine",
			"FromFile": "Assets/Portraits/Corine/Seasonal/{{Season}}_{{CorinePortraitStyle}}.png",
			"PatchMode": "Replace",
            "When": {
                "Season": "Winter",
            },
            "Update": "OnLocationChange"			
		},
		{
            "LogName": "Corine - Winter - Inside",			
			"Action": "EditImage",
			"Target": "Portraits/Corine",
			"FromFile": "Assets/Portraits/Corine/Seasonal/Inside_{{Season}}_{{CorinePortraitStyle}}.png",
			"PatchMode": "Replace",
            "When": {
                "Season": "Winter",
				"LocationName": "Custom_Ridgeside_EzekielHouse, Custom_Ridgeside_LogCabinHotelLobby, SeedShop, Saloon, FarmHouse",                
            },
            "Update": "OnLocationChange"			
		},		
		
		/*********
		** Festival Portraits
		*********/	
			/*********
			** Luau Portraits
			*********/
				/*********
				** Bachelor Portraits
				*********/
			{
				"Action": "EditImage",
				"Target": "Portraits/Ian",
				"FromFile": "Assets/BeachPortraits/Ian/{{IanPortraitStyle}}.png",
				"PatchMode": "Replace",
		        "When": {
                	"DayEvent": "luau",
                	"LocationName": "Beach, temp"         
            	    	},
                	    	"Update": "OnLocationChange"   
			},
		{
			"Action": "EditImage",
			"Target": "Portraits/Jeric",
			"FromFile": "Assets/BeachPortraits/Jeric/{{JericPortraitStyle}}.png",
			"PatchMode": "Replace",
	        "When": {
                	"DayEvent": "luau",
                	"LocationName": "Beach, temp"                    
                	},
                    	"Update": "OnLocationChange"   
		},
		{
			"Action": "EditImage",
			"Target": "Portraits/Kenneth",
			"FromFile": "Assets/BeachPortraits/Kenneth/{{KennethPortraitStyle}}.png",
			"PatchMode": "Replace",
	        "When": {
                	"DayEvent": "luau",
                	"LocationName": "Beach, temp"                    
                	},
                    	"Update": "OnLocationChange"   
		},
		{
			"Action": "EditImage",
			"Target": "Portraits/Philip",
			"FromFile": "Assets/BeachPortraits/Philip/{{PhilipPortraitStyle}}.png",
			"PatchMode": "Replace",
	        "When": {
                	"DayEvent": "luau",
                	"LocationName": "Beach, temp"                    
                	},
                    	"Update": "OnLocationChange"   
		},
		{
			"Action": "EditImage",
			"Target": "Portraits/Shiro",
			"FromFile": "Assets/BeachPortraits/Shiro/{{ShiroPortraitStyle}}.png",
			"PatchMode": "Replace",
	        "When": {
                	"DayEvent": "luau",
                	"LocationName": "Beach, temp"                    
                	},
                    	"Update": "OnLocationChange"   
		},
		
	/*********
	** Bachelorette Portraits
	*********/
		{
			"Action": "EditImage",
			"Target": "Portraits/Alissa",
			"FromFile": "Assets/BeachPortraits/Alissa/{{AlissaPortraitStyle}}.png",
			"PatchMode": "Replace",
	        "When": {
                	"DayEvent": "luau",
                	"LocationName": "Beach, temp"                    
                	},
                    	"Update": "OnLocationChange"   
		},
		{
			"Action": "EditImage",
			"Target": "Portraits/Corine",
			"FromFile": "Assets/BeachPortraits/Corine/{{CorinePortraitStyle}}.png",
			"PatchMode": "Replace",
	        "When": {
                	"DayEvent": "luau",
                	"LocationName": "Beach, temp"                    
                	},
                    	"Update": "OnLocationChange"   
		},
		{
			"Action": "EditImage",
			"Target": "Portraits/Flor",
			"FromFile": "Assets/BeachPortraits/Flor/{{FlorPortraitStyle}}.png",
			"PatchMode": "Replace",
	        "When": {
                	"DayEvent": "luau",
                	"LocationName": "Beach, temp"                    
                	},
                    	"Update": "OnLocationChange"   
		},
		{
			"Action": "EditImage",
			"Target": "Portraits/Maddie",
			"FromFile": "Assets/BeachPortraits/Maddie/{{MaddiePortraitStyle}}.png",
			"PatchMode": "Replace",
	        "When": {
                	"DayEvent": "luau",
                	"LocationName": "Beach, temp"                    
                	},
                    	"Update": "OnLocationChange"   
		},
		{
			"Action": "EditImage",
			"Target": "Portraits/Ysabelle",
			"FromFile": "Assets/BeachPortraits/Ysabelle/{{YsabellePortraitStyle}}.png",
			"PatchMode": "Replace",
	        "When": {
                	"DayEvent": "luau",
                	"LocationName": "Beach, temp"                    
                	},
                    	"Update": "OnLocationChange"   
		},
		
	/*********
	** Non-Marriage Candidates Portraits
	*********/
		{
			"Action": "EditImage",
			"Target": "Portraits/Aguar",
			"FromFile": "Assets/BeachPortraits/Aguar/{{AguarPortraitStyle}}.png",
			"PatchMode": "Replace",
	        "When": {
                	"DayEvent": "luau",
                	"LocationName": "Beach, temp"                    
                	},
                    	"Update": "OnLocationChange"   
		},
		{
			"Action": "EditImage",
			"Target": "Portraits/Bert",
			"FromFile": "Assets/BeachPortraits//Bert/{{BertPortraitStyle}}.png",
			"PatchMode": "Replace",
	        "When": {
                	"DayEvent": "luau",
                	"LocationName": "Beach, temp"                    
                	},
                    	"Update": "OnLocationChange"   
		},
		{
			"Action": "EditImage",
			"Target": "Portraits/Ezekiel",
			"FromFile": "Assets/BeachPortraits/Ezekiel/{{EzekielPortraitStyle}}.png",
			"PatchMode": "Replace",
	        "When": {
                	"DayEvent": "luau",
                	"LocationName": "Beach, temp"                    
                	},
                    	"Update": "OnLocationChange"   
		},
		{
			"Action": "EditImage",
			"Target": "Portraits/Freddie",
			"FromFile": "Assets/BeachPortraits/Freddie/{{FreddiePortraitStyle}}.png",
			"PatchMode": "Replace",
	        "When": {
                	"DayEvent": "luau",
                	"LocationName": "Beach, temp"                    
                	},
                    	"Update": "OnLocationChange"   
		},
		{
			"Action": "EditImage",
			"Target": "Portraits/Jio",
			"FromFile": "Assets/BeachPortraits/Jio/{{JioPortraitStyle}}.png",
			"PatchMode": "Replace",
	        "When": {
                	"DayEvent": "luau",
                	"LocationName": "Beach, temp"                    
                	},
                    	"Update": "OnLocationChange"   
		},
		{
			"Action": "EditImage",
			"Target": "Portraits/Kiwi",
			"FromFile": "Assets/BeachPortraits/Kiwi/{{KiwiPortraitStyle}}.png",
			"PatchMode": "Replace",
	        "When": {
                	"DayEvent": "luau",
                	"LocationName": "Beach, temp"                    
                	},
                    	"Update": "OnLocationChange"   
		},
		{
			"Action": "EditImage",
			"Target": "Portraits/Lenny",
			"FromFile": "Assets/BeachPortraits/Lenny/{{LennyPortraitStyle}}.png",
			"PatchMode": "Replace",
	        "When": {
                	"DayEvent": "luau",
                	"LocationName": "Beach, temp"                    
                	},
                    	"Update": "OnLocationChange"   
		},
		{
			"Action": "EditImage",
			"Target": "Portraits/Lola",
			"FromFile": "Assets/BeachPortraits/Lola/{{LolaPortraitStyle}}.png",
			"PatchMode": "Replace",
	        "When": {
                	"DayEvent": "luau",
                	"LocationName": "Beach, temp"                    
                	},
                    	"Update": "OnLocationChange"   
		},
		{
			"Action": "EditImage",
			"Target": "Portraits/Olga",
			"FromFile": "Assets/BeachPortraits/Olga/{{OlgaPortraitStyle}}.png",
			"PatchMode": "Replace",
	        "When": {
                	"DayEvent": "luau",
                	"LocationName": "Beach, temp"                    
                	},
                    	"Update": "OnLocationChange"   
		},
		{
			"Action": "EditImage",
			"Target": "Portraits/Pika",
			"FromFile": "Assets/BeachPortraits/Pika/{{PikaPortraitStyle}}.png",
			"PatchMode": "Replace",
	        "When": {
                	"DayEvent": "luau",
                	"LocationName": "Beach, temp"                    
                	},
                    	"Update": "OnLocationChange"   
		},
		{
			"Action": "EditImage",
			"Target": "Portraits/Richard",
			"FromFile": "Assets/BeachPortraits/Richard/{{RichardPortraitStyle}}.png",
			"PatchMode": "Replace",
	        "When": {
                	"DayEvent": "luau",
                	"LocationName": "Beach, temp"                    
                	},
                    	"Update": "OnLocationChange"   
		},
		
	/*********
	** Children Portraits
	*********/
		{
			"Action": "EditImage",
			"Target": "Portraits/Keahi",
			"FromFile": "Assets/BeachPortraits/Keahi/{{KeahiPortraitStyle}}.png",
			"PatchMode": "Replace",
	        "When": {
                	"DayEvent": "luau",
                	"LocationName": "Beach, temp"                    
                	},
                    	"Update": "OnLocationChange"   
		},
		{
			"Action": "EditImage",
			"Target": "Portraits/Trinnie",
			"FromFile": "Assets/BeachPortraits/Trinnie/{{TrinniePortraitStyle}}.png",
			"PatchMode": "Replace",
	        "When": {
                	"DayEvent": "luau",
                	"LocationName": "Beach, temp"                    
                	},
                    	"Update": "OnLocationChange"   
		},
		{
			"Action": "EditImage",
			"Target": "Portraits/Yuuma",
			"FromFile": "Assets/BeachPortraits/Yuuma/{{YuumaPortraitStyle}}.png",
			"PatchMode": "Replace",
	        "When": {
                	"DayEvent": "luau",
                	"LocationName": "Beach, temp"                    
                	},
                    	"Update": "OnLocationChange"   			
		},




	/*********
	** Sprite Changes
	*********/	
		//Corine Ninja Change
	{
		"LogName": "Corine Ninja Outfit Sprite",
		"Action": "EditImage",
		"Target": "Characters/Corine",
		"FromFile": "Assets/{{Target}}_Ninja.png",
		"Update": "OnLocationChange",
		"When": {
			"HasSeenEvent: hostPlayer": 75160125,
			"LocationName": "Custom_Ridgeside_RidgesideVillage, Custom_Ridgeside_Ridge, Farm, FarmHouse",
			"DayOfWeek": "Thursday",
		},
	},

		//Undreya SPRITE RANDOMIZE
		{
			"Action": "EditImage",
			"Target": "Characters/Undreya",
			"FromFile": "Data/Assets/Undreya/Undreya{{Random:1, 2, 3, 4, 5, 6, 7, 8}}.png",
			"When": {
				"HasSeenEvent: hostPlayer": 75160182,
				"DayOfWeek: |contains=Thursday": false
			},
		},


		/*********
		** Seasonal Sprites
		*********/	

		/*********
		** Festival Sprites
		*********/
			/*********
			** Luau Sprites
			*********/						
    {
        "LogName": "Luau Sprites",
        "Action": "EditImage",
        "Target": "Characters/Aguar, Characters/Alissa, Characters/Bert, Characters/Corine, Characters/Ezekiel, Characters/Flor, Characters/Freddie, Characters/Ian, Characters/Jeric, Characters/Jio, Characters/Keahi, Characters/Kenneth, Characters/Kiwi, Characters/Lenny, Characters/Lola, Characters/Maddie, Characters/Olga, Characters/Philip, Characters/Pika, Characters/Richard, Characters/Shiro, Characters/Trinnie, Characters/Ysabelle, Characters/Yuuma, Characters/Undreya, Characters/Helen",
        "FromFile": "Assets/BeachCharacters/{{TargetWithoutPath}}_Beach.png",
		"PatchMode": "Replace",
	        "When": {
               	"DayEvent": "luau",
               	"LocationName": "Beach, temp"                    
               	},
                   	"Update": "OnLocationChange"   		        
    },


	/*********
	** Map Changes
	*********/	

//Cliff Sky

	{
		"Action": "EditMap",
		"Target": "Maps/Custom_Ridgeside_RSVCliff",
		"FromFile": "Assets/Maps/OutdoorMaps/RSVCliff.tmx",
		"FromArea": { "X": 0, "Y": 0, "Width": 93, "Height": 40 },
		"ToArea": { "X": 0, "Y": 0, "Width": 93, "Height": 40 },
		"PatchMode": "ReplaceByLayer",
		"When": { "Time": "{{Range: 0600, 1900}}" },
		"Update": "OnLocationChange"
	},
	{
		"Action": "EditMap",
		"Target": "Maps/Custom_Ridgeside_RSVCliff",
		"FromFile": "Assets/Maps/DynamicMaps/RSVCliffNight.tmx",
		"FromArea": { "X": 0, "Y": 0, "Width": 93, "Height": 40 },
		"ToArea": { "X": 0, "Y": 0, "Width": 93, "Height": 40 },
		"PatchMode": "Overlay",
		"When": { "Time": "{{Range: 1900, 2600}}" },
		"Update": "OnLocationChange"
	},

//Ride Sky
	{
		"Action": "EditMap",
		"Target": "Maps/Custom_Ridgeside_RSVTheRide",
		"FromFile": "Assets/Maps/EventMaps/RSVTheRide.tmx",
		"ToArea": { "X": 0, "Y": 0, "Width": 39, "Height": 20 },
		"PatchMode": "ReplaceByLayer",
		"When": { "Time": "{{Range: 0600, 1900}}" },
		"Update": "OnLocationChange"
	},
	{
		"Action": "EditMap",
		"Target": "Maps/Custom_Ridgeside_RSVTheRide",
		"FromFile": "Assets/Maps/DynamicMaps/RSVTheRideNight.tmx",
		"ToArea": { "X": 0, "Y": 0, "Width": 39, "Height": 20 },
		"PatchMode": "Overlay",
		"When": { "Time": "{{Range: 1900, 2600}}" },
		"Update": "OnLocationChange"
	},	

//Cliff House Peek (11PM-11:30PM Thursday)
	{
		"Action": "EditMap",
		"Target": "Maps/Custom_Ridgeside_RSVCliff",
		"FromFile": "Assets/Maps/EventMaps/CliffHousePeek.tmx",
		"FromArea": { "X": 0, "Y": 0, "Width": 2, "Height": 2 },
		"ToArea": { "X": 28, "Y": 32, "Width": 2, "Height": 2 },
		"PatchMode": "ReplaceByLayer",
		"When": { "Time": "{{Range: 2300, 2330}}", "DayOfWeek": "Thursday" },
		"Update": "OnLocationChange, OnTimeChange"
	},
	{
        "Action": "EditMap",
        "Target": "Maps/Custom_Ridgeside_RSVCliff",
        "MapTiles": [
			{
				"Position": { "X": 28, "Y": 32 },
				"Layer": "Buildings",
				"SetProperties": {
				"Action": "MessageOnce 75160181 '???: {{i18n:Find.Undreya}}'"
               }
            }
		],
		"When": { "Time": "{{Range: 2300, 2330}}", "DayOfWeek": "Thursday", "HasSeenEvent: |contains=75160181": false },
		"Update": "OnLocationChange, OnTimeChange"
    },
	{
        "Action": "EditMap",
        "Target": "Maps/Custom_Ridgeside_RSVCliff",
        "MapTiles": [
			{
				"Position": { "X": 28, "Y": 32 },
				"Layer": "Buildings",
				"SetProperties": {
				"Action": "Message rsv.undreyapeek"
               }
            }
		],
		"When": { "Time": "{{Range: 2300, 2330}}", "DayOfWeek": "Thursday", "HasSeenEvent: |contains=75160181": true },
		"Update": "OnLocationChange, OnTimeChange"
    },
	{
		"Action": "EditMap",
		"Target": "Maps/Custom_Ridgeside_RSVCliff",
		"FromFile": "Assets/Maps/EventMaps/UndreyaUnlock.tmx",
		"ToArea": { "X": 31, "Y": 32, "Width": 1, "Height": 2 },
		"PatchMode": "ReplaceByLayer",
		"When": { "Time": "{{Range: 2300, 2600}}", "HasSeenEvent: |contains=75160181": true },
		"Update": "OnLocationChange, OnTimeChange"
	},
	{
        "Action": "EditMap",
        "Target": "Maps/Custom_Ridgeside_RSVCliff",
        "MapTiles": [
			{
				"Position": { "X": 31, "Y": 33 },
				"Layer": "Buildings",
				"SetProperties": {
				"Action": "Warp 6 10 Custom_Ridgeside_RSVAbandonedHouse"
               }
            }
		],
		"When": { "Time": "{{Range: 2300, 2330}}", "DayOfWeek": "Thursday", "HasSeenEvent: |contains=75160181": true },
		"Update": "OnLocationChange, OnTimeChange"
    },
	
//Unlock Minecarts
	{
        "Action": "EditMap",
        "Target": "Maps/Custom_Ridgeside_RidgesideVillage",
        "MapTiles": [
			{
				"Position": { "X": 69, "Y": 15 },
				"Layer": "Buildings",
				"SetProperties": {
				"Action": "Warp 4 11 Custom_Ridgeside_RSVMinecart"
               }
            },
			{
				"Position": { "X": 16, "Y": 81 },
				"Layer": "Buildings",
				"SetProperties": {
				"Action": "Warp 4 13 Custom_Ridgeside_RSVMinecart"
               }
            }
		],
		"When": { "HasSeenEvent: hostPlayer": 75160190 },
		"Update": "OnLocationChange, OnTimeChange"
    },
	{
        "Action": "EditMap",
        "Target": "Maps/Custom_Ridgeside_RSVCableCar",
        "MapTiles": [
			{
				"Position": { "X": 25, "Y": 17 },
				"Layer": "Buildings",
				"SetProperties": {
				"Action": "Warp 24 13 Custom_Ridgeside_RSVMinecart"
               }
            }
		],
		"When": { "HasSeenEvent: hostPlayer": 75160190 },
		"Update": "OnLocationChange, OnTimeChange"
	},
	//Open Entrance
	{
		"Action": "EditMap",
		"Target": "Maps/Custom_Ridgeside_RidgesideVillage",
		"FromFile": "Assets/Maps/EventMaps/RSVOpenPlot.tmx",
		"ToArea": { "X": 68, "Y": 18, "Width": 3, "Height": 2 },
		"PatchMode": "Replace",
		"When": { "HasSeenEvent: hostPlayer": 75160189 },
		"Update": "OnLocationChange, OnTimeChange"
	},

	//Opened RidgeForest Entrance 
	{
		"Action": "EditMap",
		"Target": "Maps/Custom_Ridgeside_Ridge",
		"FromFile": "Assets/Maps/EventMaps/RidgeOpen.tmx",
		"ToArea": { "X": 26, "Y": 15, "Width": 2, "Height": 2 },
		"PatchMode": "Replace",
		"When": { "HasSeenEvent: hostPlayer": 75160188 },
		"Update": "OnLocationChange, OnTimeChange"
	},

//Event changes
     	 {
         "Action": "EditMap",
         "Target": "Maps/Custom_Ridgeside_RidgesideVillage",
         "FromFile": "Assets/Maps/EventMaps/AguarWaterfalls.tmx",
         "FromArea": { "X": 0, "Y": 0, "Width": 1, "Height": 1 },
         "ToArea": { "X": 64, "Y": 106, "Width": 1, "Height": 1 },
         "PatchMode": "Overlay",
         "When": { "HasSeenEvent: hostPlayer |contains=75160063": true, },
         "Update": "OnLocationChange, OnTimeChange"         
      	},
     	 {
         "Action": "EditMap",
         "Target": "Maps/Custom_Ridgeside_AguarCave",
         "FromFile": "Assets/Maps/EventMaps/AguarCaveFixed.tmx",
         "FromArea": { "X": 0, "Y": 0, "Width": 20, "Height": 25 },
         "ToArea": { "X": 0, "Y": 0, "Width": 20, "Height": 25 },
         "PatchMode": "Replace",
         "When": { "HasSeenEvent: hostPlayer |contains=75160064": true,	},
         "Update": "OnLocationChange, OnTimeChange"
      	},
     	 {
         "Action": "EditMap",
         "Target": "Maps/Custom_Ridgeside_LogCabinHotel3rdFloor",
         "FromFile": "Assets/Maps/EventMaps/Richard8HeartsEffect.tmx",
         "FromArea": { "X": 0, "Y": 0, "Width": 1, "Height": 2 },
         "ToArea": { "X": 6, "Y": 13, "Width": 1, "Height": 2 },
         "PatchMode": "Replace",
         "When": {
			"HasSeenEvent: hostPlayer |contains=75160105": true,
		}         
      	},        	      	
     	 {
         "Action": "EditMap",
         "Target": "Maps/Custom_Ridgeside_RSVNinjaHouse",
         "FromFile": "Assets/Maps/QuestMaps/RSVJioShop.tmx",
         "FromArea": { "X": 0, "Y": 0, "Width": 1, "Height": 2 },
         "ToArea": { "X": 10, "Y": 5, "Width": 1, "Height": 2 },
         "PatchMode": "Replace",
         "When": {
			"HasSeenEvent: hostPlayer |contains=75160187": true,
		}         
      	}, 

//Letter Changes

     	 {
         "Action": "EditMap",
         "Target": "Maps/Custom_Ridgeside_RidgesideVillage",
         "FromFile": "Assets/Maps/EventMaps/UnlockGH1.tmx",
         "FromArea": { "X": 0, "Y": 0, "Width": 7, "Height": 10 },
         "ToArea": { "X": 50, "Y": 57, "Width": 7, "Height": 10 },
         "PatchMode": "Replace",
         "When": {
			 "HasFlag": "GH1letter",
		}         
      	}, 
     	 {
         "Action": "EditMap",
         "Target": "Maps/Custom_Ridgeside_RSVTheHike",
         "FromFile": "Assets/Maps/EventMaps/UnlockGH2.tmx",
         "FromArea": { "X": 0, "Y": 0, "Width": 7, "Height": 10 },
         "ToArea": { "X": 35, "Y": 14, "Width": 7, "Height": 10 },
         "PatchMode": "Replace",
    	 "When": {
             "Year": "3",
             "Time": "{{Range: 2000, 2600}}",
      	}
      	},       	      	      	      	   
	

	/*********
	** Disposition Changes
	*********/


		//Undreya Disposition
		{
			"Action": "EditData",
			"Target": "Characters/Schedules/Undreya",
			"Entries": {
				"spring": "{{RANDOMUNDREYA}}"
			},
			"When": {
				"HasSeenEvent: hostPlayer |contains=75160182": true,
				"DayOfWeek |contains=Thursday": false
			}
		},

	/*********
	** AntiSocial Changes
	*********/
		
		{
			"Action": "EditData",
			"Target": "Data/AntiSocialNPCs",
			"When": {
				"HasSeenEvent": "75160188"
			},
			"Entries": {
				"Kiwi": false
			}
		},
			
	/*********
	** MapString Changes
	*********/

	{
		"LogName": "Winter Mapstring for Crops",		
		"Action": "EditData",
		"Target": "Strings/StringsFromMaps",
	    "When": { "Season": "winter", },
		"Entries": {
				"rsv.23": "{{i18n:DynamicChanges.Winter.Crops}}",
				},
	},
	{
		"LogName": "Seasonal Mapstring for Crops",		
		"Action": "EditData",
		"Target": "Strings/StringsFromMaps",
	    "When": { "Season": "spring, summer, fall", },
		"Entries": {
				"rsv.23": "{{i18n:MapString.rsv.23}}",
				},
	},	

	/*********
	** Event Changes
	*********/

	/*********
	** Dialogue Changes
	*********/
	{
		"LogName": "Linus",
		"Action": "EditData",
		"Target": "Characters/Dialogue/Aguar",
		"When": { "HasSeenEvent": "100162" },		
		"Entries": {
			"Tue6": "{{i18n:DynamicChanges.Aguar.Dialogue.Tue6}}",
		},
	},

]
}