{
"Changes": [

//Loading Tilesheets
{
   "Action": "Load",
   "Target": "Maps/EzekielPicFinal",
   "FromFile": "Assets/Maps/TileSheets/{{TargetWithoutPath}}.png"
},
{
   "Action": "Load",
   "Target": "Maps/fall_zridgeside",
   "FromFile": "Assets/Maps/TileSheets/{{TargetWithoutPath}}.png"
},
{
   "Action": "Load",
   "Target": "Maps/fall_zridgesidebuildings",
   "FromFile": "Assets/Maps/TileSheets/{{TargetWithoutPath}}.png"
},
{
   "Action": "Load",
   "Target": "Maps/fall_zridgetiles",
   "FromFile": "Assets/Maps/TileSheets/{{TargetWithoutPath}}.png"
},
{
   "Action": "Load",
   "Target": "Maps/fall_zrsvcablecar",
   "FromFile": "Assets/Maps/TileSheets/{{TargetWithoutPath}}.png"
},
{
   "Action": "Load",
   "Target": "Maps/fall_zrsvcliffhouse",
   "FromFile": "Assets/Maps/TileSheets/{{TargetWithoutPath}}.png"
},
{
   "Action": "Load",
   "Target": "Maps/fall_zrsvscene1",
   "FromFile": "Assets/Maps/TileSheets/{{TargetWithoutPath}}.png"
},
{
   "Action": "Load",
   "Target": "Maps/fall_zrsvwideview",
   "FromFile": "Assets/Maps/TileSheets/{{TargetWithoutPath}}.png"
},
{
   "Action": "Load",
   "Target": "Maps/fall_zrsvwideviewnight",
   "FromFile": "Assets/Maps/TileSheets/{{TargetWithoutPath}}.png"
},
{
   "Action": "Load",
   "Target": "Maps/FreddieShedItems",
   "FromFile": "Assets/Maps/TileSheets/{{TargetWithoutPath}}.png"
},
{
   "Action": "Load",
   "Target": "Maps/RSVBonfire",
   "FromFile": "Assets/Maps/TileSheets/{{TargetWithoutPath}}.png"
},
{
   "Action": "Load",
   "Target": "Maps/RVanimals",
   "FromFile": "Assets/Maps/TileSheets/{{TargetWithoutPath}}.png"
},
{
   "Action": "Load",
   "Target": "Maps/spring_zridgeside",
   "FromFile": "Assets/Maps/TileSheets/{{TargetWithoutPath}}.png"
},
{
   "Action": "Load",
   "Target": "Maps/spring_zridgesidebuildings",
   "FromFile": "Assets/Maps/TileSheets/{{TargetWithoutPath}}.png"
},
{
   "Action": "Load",
   "Target": "Maps/spring_zridgetiles",
   "FromFile": "Assets/Maps/TileSheets/{{TargetWithoutPath}}.png"
},
{
   "Action": "Load",
   "Target": "Maps/spring_zrsvcablecar",
   "FromFile": "Assets/Maps/TileSheets/{{TargetWithoutPath}}.png"
},
{
   "Action": "Load",
   "Target": "Maps/spring_zrsvcliffhouse",
   "FromFile": "Assets/Maps/TileSheets/{{TargetWithoutPath}}.png"
},
{
   "Action": "Load",
   "Target": "Maps/spring_zrsvscene1",
   "FromFile": "Assets/Maps/TileSheets/{{TargetWithoutPath}}.png"
},
{
   "Action": "Load",
   "Target": "Maps/spring_zrsvwideview",
   "FromFile": "Assets/Maps/TileSheets/{{TargetWithoutPath}}.png"
},
{
   "Action": "Load",
   "Target": "Maps/spring_zrsvwideviewnight",
   "FromFile": "Assets/Maps/TileSheets/{{TargetWithoutPath}}.png"
},
{
   "Action": "Load",
   "Target": "Maps/sproomsts",
   "FromFile": "Assets/Maps/TileSheets/{{TargetWithoutPath}}.png"
},
{
   "Action": "Load",
   "Target": "Maps/summer_zridgeside",
   "FromFile": "Assets/Maps/TileSheets/{{TargetWithoutPath}}.png"
},
{
   "Action": "Load",
   "Target": "Maps/summer_zridgesidebuildings",
   "FromFile": "Assets/Maps/TileSheets/{{TargetWithoutPath}}.png"
},
{
   "Action": "Load",
   "Target": "Maps/summer_zridgetiles",
   "FromFile": "Assets/Maps/TileSheets/{{TargetWithoutPath}}.png"
},
{
   "Action": "Load",
   "Target": "Maps/summer_zrsvcablecar",
   "FromFile": "Assets/Maps/TileSheets/{{TargetWithoutPath}}.png"
},
{
   "Action": "Load",
   "Target": "Maps/PLACEHOLDER",
   "FromFile": "Assets/Maps/TileSheets/{{TargetWithoutPath}}.png"
},
{
   "Action": "Load",
   "Target": "Maps/summer_zrsvcliffhouse",
   "FromFile": "Assets/Maps/TileSheets/{{TargetWithoutPath}}.png"
},
{
   "Action": "Load",
   "Target": "Maps/summer_zrsvscene1",
   "FromFile": "Assets/Maps/TileSheets/{{TargetWithoutPath}}.png"
},
{
   "Action": "Load",
   "Target": "Maps/summer_zrsvwideview",
   "FromFile": "Assets/Maps/TileSheets/{{TargetWithoutPath}}.png"
},
{
   "Action": "Load",
   "Target": "Maps/summer_zrsvwideviewnight",
   "FromFile": "Assets/Maps/TileSheets/{{TargetWithoutPath}}.png"
},
{
   "Action": "Load",
   "Target": "Maps/winter_zridgeside",
   "FromFile": "Assets/Maps/TileSheets/{{TargetWithoutPath}}.png"
},
{
   "Action": "Load",
   "Target": "Maps/winter_zridgesidebuildings",
   "FromFile": "Assets/Maps/TileSheets/{{TargetWithoutPath}}.png"
},
{
   "Action": "Load",
   "Target": "Maps/winter_zridgetiles",
   "FromFile": "Assets/Maps/TileSheets/{{TargetWithoutPath}}.png"
},
{
   "Action": "Load",
   "Target": "Maps/winter_zrsvcablecar",
   "FromFile": "Assets/Maps/TileSheets/{{TargetWithoutPath}}.png"
},
{
   "Action": "Load",
   "Target": "Maps/winter_zrsvcliffhouse",
   "FromFile": "Assets/Maps/TileSheets/{{TargetWithoutPath}}.png"
},
{
   "Action": "Load",
   "Target": "Maps/winter_zrsvscene1",
   "FromFile": "Assets/Maps/TileSheets/{{TargetWithoutPath}}.png"
},
{
   "Action": "Load",
   "Target": "Maps/winter_zrsvwideview",
   "FromFile": "Assets/Maps/TileSheets/{{TargetWithoutPath}}.png"
},
{
   "Action": "Load",
   "Target": "Maps/winter_zrsvwideviewnight",
   "FromFile": "Assets/Maps/TileSheets/{{TargetWithoutPath}}.png"
},
{
   "Action": "Load",
   "Target": "Maps/zridgesideCraftables",
   "FromFile": "Assets/Maps/TileSheets/{{TargetWithoutPath}}.png"
},
{
   "Action": "Load",
   "Target": "Maps/zridgesidefurniture",
   "FromFile": "Assets/Maps/TileSheets/{{TargetWithoutPath}}.png"
},
{
   "Action": "Load",
   "Target": "Maps/zrsvgatheringtiles",
   "FromFile": "Assets/Maps/TileSheets/{{TargetWithoutPath}}.png"
},
{
   "Action": "Load",
   "Target": "Maps/zrsvspecialeffects",
   "FromFile": "Assets/Maps/TileSheets/{{TargetWithoutPath}}.png"
},
{
   "Action": "Load",
   "Target": "Maps/zrsvspouses",
   "FromFile": "Assets/Maps/TileSheets/{{TargetWithoutPath}}.png"
},
]
}
