{
"Changes": [
		/*********
		** Add location warps
		*********/
		{
   			"Action": "EditMap",
   			"Target": "Maps/Custom_Ridgeside_AguarBasement",
			"AddWarps": [
      			"1 -1 Custom_Ridgeside_AguarLab 1 11",
   			]
		},
		{
   			"Action": "EditMap",
   			"Target": "Maps/Custom_Ridgeside_AguarCave",
			"AddWarps": [
      			"13 30 Custom_Ridgeside_RidgesideVillage 63 107",
   			]
		},
//		{
//   			"Action": "EditMap",
//   			"Target": "Maps/Custom_Ridgeside_AguarCaveFixed",
//			"AddWarps": [
//      			"10 18 Custom_Ridgeside_LogCabinHotel2ndFloor 21 0",
//      			"11 18 Custom_Ridgeside_LogCabinHotel2ndFloor 22 0",
//      			"12 18 Custom_Ridgeside_LogCabinHotel2ndFloor 23 0",
//      			"13 18 Custom_Ridgeside_LogCabinHotel2ndFloor 24 0",
//   			]
//		},
		{
   			"Action": "EditMap",
   			"Target": "Maps/Custom_Ridgeside_AguarCaveTemporary",
			"AddWarps": [
      			"-1 -1 Custom_Ridgeside_RidgesideVillage 2 2",
   			]
		},
		{
   			"Action": "EditMap",
   			"Target": "Maps/Custom_Ridgeside_AguarLab",
			"AddWarps": [
      			"6 14 Custom_Ridgeside_RidgesideVillage 98 110",
      			"30 10 Custom_Ridgeside_RidgesideVillage 110 106",
      			"30 11 Custom_Ridgeside_RidgesideVillage 110 107",
   			]
		},
//		{
//   			"Action": "EditMap",
//   			"Target": "Maps/Custom_Ridgeside_AguarWaterfalls",
//			"AddWarps": [
//      			"10 18 Custom_Ridgeside_LogCabinHotel2ndFloor 21 0",
//      			"11 18 Custom_Ridgeside_LogCabinHotel2ndFloor 22 0",
//      			"12 18 Custom_Ridgeside_LogCabinHotel2ndFloor 23 0",
//      			"13 18 Custom_Ridgeside_LogCabinHotel2ndFloor 24 0",
//   			]
//		},
		{
   			"Action": "EditMap",
   			"Target": "Maps/Custom_Ridgeside_AlissaHouse",
			"AddWarps": [
      			"7 15 Custom_Ridgeside_RidgesideVillage 27 94",
   			] 
		},
		{
   			"Action": "EditMap",
   			"Target": "Maps/Custom_Ridgeside_AlissaShed",
			"AddWarps": [
      			"4 18 Custom_Ridgeside_RidgesideVillage 19 98",
   			]
		},
		{
   			"Action": "EditMap",
   			"Target": "Maps/Custom_Ridgeside_BertHouse",
			"AddWarps": [
      			"15 16 Custom_Ridgeside_RidgesideVillage 76 115",
      			"18 -1 Custom_Ridgeside_BertHouse2ndFloor 18 15",
      			"19 -1 Custom_Ridgeside_BertHouse2ndFloor 19 15",
   			]
		},
		{
   			"Action": "EditMap",
   			"Target": "Maps/Custom_Ridgeside_BertHouse2ndFloor",
			"AddWarps": [
				"18 16 Custom_Ridgeside_BertHouse 18 0",
				"19 16 Custom_Ridgeside_BertHouse 19 0",
   			]
		},
		{
   			"Action": "EditMap",
   			"Target": "Maps/Custom_Ridgeside_BertHouse2ndFloor",
			"AddWarps": [
				"18 16 Custom_Ridgeside_BertHouse 18 0",
				"19 16 Custom_Ridgeside_BertHouse 19 0",
   			]
		},	
//		{
//   			"Action": "EditMap",
//   			"Target": "Maps/Custom_Ridgeside_ElvenForest",
//			"AddWarps": [
//				"59 -1 Custom_Ridgeside_RidgesideVillage 28 125",
//				"60 -1 Custom_Ridgeside_RidgesideVillage 29 125",
//				"61 -1 Custom_Ridgeside_RidgesideVillage 30 125",
//   			]
//		},				
		{
   			"Action": "EditMap",
   			"Target": "Maps/Custom_Ridgeside_EmberNight",
			"AddWarps": [
				"38 80 Custom_Ridgeside_RidgesideVillage 95 2",
				"39 80 Custom_Ridgeside_RidgesideVillage 96 2",
				"40 80 Custom_Ridgeside_RidgesideVillage 97 2",
				"41 80 Custom_Ridgeside_RidgesideVillage 98 2",
				"42 80 Custom_Ridgeside_RidgesideVillage 98 2",
				"43 80 Custom_Ridgeside_RidgesideVillage 98 2",
				"44 80 Custom_Ridgeside_RidgesideVillage 98 2",
				"45 80 Custom_Ridgeside_RidgesideVillage 98 2",
				"46 80 Custom_Ridgeside_RidgesideVillage 98 2",
				"47 80 Custom_Ridgeside_RidgesideVillage 98 2",
				"48 80 Custom_Ridgeside_RidgesideVillage 98 2",
   			]
		},		
		{
   			"Action": "EditMap",
   			"Target": "Maps/Custom_Ridgeside_EzekielHouse",
			"AddWarps": [
      			"6 23 Custom_Ridgeside_RidgesideVillage 83 19",
   			]
		},
		{
   			"Action": "EditMap",
   			"Target": "Maps/Custom_Ridgeside_EzekielPic",
			"AddWarps": [
      			"-1 -1 Custom_Ridgeside_EzekielHouse 0 0",
   			]
		},
		{
   			"Action": "EditMap",
   			"Target": "Maps/Custom_Ridgeside_FreddieHouse",
			"AddWarps": [
      			"8 18 Custom_Ridgeside_RidgesideVillage 14 63",
   			]
		},		
		{
   			"Action": "EditMap",
   			"Target": "Maps/Custom_Ridgeside_IanHouse",
			"AddWarps": [
      			"9 13 Custom_Ridgeside_RidgesideVillage 124 72",
   			]
		},
		{
   			"Action": "EditMap",
   			"Target": "Maps/Custom_Ridgeside_JericHouse",
			"AddWarps": [
      			"5 18 Custom_Ridgeside_RidgesideVillage 22 21",
   			]
		},
		{
   			"Action": "EditMap",
   			"Target": "Maps/Custom_Ridgeside_KennethHouse",
			"AddWarps": [
      			"9 13 Custom_Ridgeside_RidgesideVillage 140 51",
   			]
		},
		{
   			"Action": "EditMap",
   			"Target": "Maps/Custom_Ridgeside_LennyHouse",
			"AddWarps": [
      			"14 14 Custom_Ridgeside_RidgesideVillage 114 38",
   			]
		},
		{
   			"Action": "EditMap",
   			"Target": "Maps/Custom_Ridgeside_LogCabinHotel2ndFloor",
			"AddWarps": [
				"21 28 Custom_Ridgeside_LogCabinHotelLobby 20 1",
				"22 28 Custom_Ridgeside_LogCabinHotelLobby 21 1",
				"23 28 Custom_Ridgeside_LogCabinHotelLobby 22 1",
				"24 28 Custom_Ridgeside_LogCabinHotelLobby 23 1",
				"21 -1 Custom_Ridgeside_LogCabinHotel3rdFloor 10 17",
				"22 -1 Custom_Ridgeside_LogCabinHotel3rdFloor 11 17",
				"23 -1 Custom_Ridgeside_LogCabinHotel3rdFloor 12 17",
				"24 -1 Custom_Ridgeside_LogCabinHotel3rdFloor 13 17",
   			]
		},
		{
   			"Action": "EditMap",
   			"Target": "Maps/Custom_Ridgeside_LogCabinHotel3rdFloor",
			"AddWarps": [
      			"10 18 Custom_Ridgeside_LogCabinHotel2ndFloor 21 0",
      			"11 18 Custom_Ridgeside_LogCabinHotel2ndFloor 22 0",
      			"12 18 Custom_Ridgeside_LogCabinHotel2ndFloor 23 0",
      			"13 18 Custom_Ridgeside_LogCabinHotel2ndFloor 24 0",
   			]
		},		
		{
   			"Action": "EditMap",
   			"Target": "Maps/Custom_Ridgeside_LogCabinHotelLobby",
			"AddWarps": [
 				"7 18 Custom_Ridgeside_RidgesideVillage 114 22",
				"8 18 Custom_Ridgeside_RidgesideVillage 115 22",
				"20 0 Custom_Ridgeside_LogCabinHotel2ndFloor 21 27",
				"21 0 Custom_Ridgeside_LogCabinHotel2ndFloor 22 27",
				"22 0 Custom_Ridgeside_LogCabinHotel2ndFloor 23 27",
				"23 0 Custom_Ridgeside_LogCabinHotel2ndFloor 24 27",
   			]
		},		
		{
   			"Action": "EditMap",
   			"Target": "Maps/Custom_Ridgeside_LolaShed",
			"AddWarps": [
      			"9 18 Custom_Ridgeside_RidgesideVillage 7 48",
   			]
		},		
		{
   			"Action": "EditMap",
   			"Target": "Maps/Custom_Ridgeside_MaddieHouse",
			"AddWarps": [
      			"4 18 Custom_Ridgeside_RidgesideVillage 89 28",
   			]
		},		
		{
   			"Action": "EditMap",
   			"Target": "Maps/Custom_Ridgeside_MysticFalls1",
			"AddWarps": [
				"14 20 Custom_Ridgeside_RidgeForestQ3 34 32",
				"15 20 Custom_Ridgeside_RidgeForestQ3 34 32",
				"16 20 Custom_Ridgeside_RidgeForestQ3 34 32",
   			]
		},		
		{
   			"Action": "EditMap",
   			"Target": "Maps/Custom_Ridgeside_MysticFalls2",
			"AddWarps": [
				"14 20 Custom_Ridgeside_RidgeForestQ4 42 34",
				"15 20 Custom_Ridgeside_RidgeForestQ4 42 34",
				"16 20 Custom_Ridgeside_RidgeForestQ4 42 34",
   			]
		},		
		{
   			"Action": "EditMap",
   			"Target": "Maps/Custom_Ridgeside_MysticFalls3",
			"AddWarps": [
				"14 20 Custom_Ridgeside_RidgeForestQ3 10 35",
				"15 20 Custom_Ridgeside_RidgeForestQ3 10 35",
				"16 20 Custom_Ridgeside_RidgeForestQ3 10 35",
   			]
		},		
		{
   			"Action": "EditMap",
   			"Target": "Maps/Custom_Ridgeside_PikaHouse",
			"AddWarps": [
      			"5 18 Custom_Ridgeside_RidgesideVillage 59 37",
   			]
		},		
		{
   			"Action": "EditMap",
   			"Target": "Maps/Custom_Ridgeside_PrincessVilleDate",
			"AddWarps": [
      			"-10 0 Custom_Ridgeside_RSVNinjaHouse -10 0",

   			]
		},		
		{
   			"Action": "EditMap",
   			"Target": "Maps/Custom_Ridgeside_Ridge",
			"AddWarps": [
				"38 40 Custom_Ridgeside_RidgesideVillage 97 1",
				"39 40 Custom_Ridgeside_RidgesideVillage 98 1",
				"40 40 Custom_Ridgeside_RidgesideVillage 99 1",
				"41 40 Custom_Ridgeside_RidgesideVillage 100 1",
				"42 40 Custom_Ridgeside_RidgesideVillage 100 1",
				"31 -1 Custom_Ridgeside_RidgeForestQ1 69 53",
				"32 -1 Custom_Ridgeside_RidgeForestQ1 69 53",
				"33 -1 Custom_Ridgeside_RidgeForestQ1 69 53",
				"-1 14 Custom_Ridgeside_RidgeFalls 78 62",
				"-1 15 Custom_Ridgeside_RidgeFalls 78 62",
				"-1 16 Custom_Ridgeside_RidgeFalls 78 62",
   			]
		},		
		{
   			"Action": "EditMap",
   			"Target": "Maps/Custom_Ridgeside_RidgeFalls",
			"AddWarps": [
				"80 61 Custom_Ridgeside_Ridge 1 15",
				"80 62 Custom_Ridgeside_Ridge 1 15",
				"80 63 Custom_Ridgeside_Ridge 1 15",
   			]
		},		
		{
   			"Action": "EditMap",
   			"Target": "Maps/Custom_Ridgeside_RidgeForestQ1",
			"AddWarps": [
				"68 55 Custom_Ridgeside_Ridge 32 1",
				"69 55 Custom_Ridgeside_Ridge 32 1",
				"70 55 Custom_Ridgeside_Ridge 32 1",
				"26 -1 Custom_Ridgeside_RidgeForestQ4 27 73",
				"27 -1 Custom_Ridgeside_RidgeForestQ4 27 73",
				"28 -1 Custom_Ridgeside_RidgeForestQ4 27 73",
				"29 -1 Custom_Ridgeside_RidgeForestQ4 27 73",
				"75 -1 Custom_Ridgeside_RidgeForestQ4 76 73",
				"76 -1 Custom_Ridgeside_RidgeForestQ4 76 73",
				"77 -1 Custom_Ridgeside_RidgeForestQ4 76 73",
				"78 -1 Custom_Ridgeside_RidgeForestQ4 76 73",
				"92 6 Custom_Ridgeside_RidgeForestQ2 1 7",
				"92 7 Custom_Ridgeside_RidgeForestQ2 1 7",
				"92 8 Custom_Ridgeside_RidgeForestQ2 1 7",
				"92 26 Custom_Ridgeside_RidgeForestQ2 1 27",
				"92 27 Custom_Ridgeside_RidgeForestQ2 1 27",
				"92 28 Custom_Ridgeside_RidgeForestQ2 1 27",
				"92 40 Custom_Ridgeside_RidgeForestQ2 1 41",
				"92 41 Custom_Ridgeside_RidgeForestQ2 1 41",
				"92 42 Custom_Ridgeside_RidgeForestQ2 1 41",
   			]
		},		
		{
   			"Action": "EditMap",
   			"Target": "Maps/Custom_Ridgeside_RidgeForestQ2",
			"AddWarps": [
				"-1 6 Custom_Ridgeside_RidgeForestQ1 90 7",
				"-1 7 Custom_Ridgeside_RidgeForestQ1 90 7",
				"-1 8 Custom_Ridgeside_RidgeForestQ1 90 7",
				"-1 26 Custom_Ridgeside_RidgeForestQ1 90 27",
				"-1 27 Custom_Ridgeside_RidgeForestQ1 90 27",
				"-1 28 Custom_Ridgeside_RidgeForestQ1 90 27",
				"-1 40 Custom_Ridgeside_RidgeForestQ1 90 41",
				"-1 41 Custom_Ridgeside_RidgeForestQ1 90 41",
				"-1 42 Custom_Ridgeside_RidgeForestQ1 90 41",
				"34 -1 Custom_Ridgeside_RidgeForestQ3 35 73",
				"35 -1 Custom_Ridgeside_RidgeForestQ3 35 73",
				"36 -1 Custom_Ridgeside_RidgeForestQ3 35 73",
				"37 -1 Custom_Ridgeside_RidgeForestQ3 35 73",
   			]
		},		
		{
   			"Action": "EditMap",
   			"Target": "Maps/Custom_Ridgeside_RidgeForestQ3",
			"AddWarps": [
				"34 75 Custom_Ridgeside_RidgeForestQ2 35 1",
				"35 75 Custom_Ridgeside_RidgeForestQ2 35 1",
				"36 75 Custom_Ridgeside_RidgeForestQ2 35 1",
				"37 75 Custom_Ridgeside_RidgeForestQ2 35 1",
				"-1 55 Custom_Ridgeside_RidgeForestQ4 90 56",
				"-1 56 Custom_Ridgeside_RidgeForestQ4 90 56",
				"-1 57 Custom_Ridgeside_RidgeForestQ4 90 56",
				"-1 19 Custom_Ridgeside_RidgeForestQ4 90 20",
				"-1 20 Custom_Ridgeside_RidgeForestQ4 90 20",
				"-1 21 Custom_Ridgeside_RidgeForestQ4 90 20",
				"34 30 Custom_Ridgeside_MysticFalls1 15 19",
				"10 33 Custom_Ridgeside_MysticFalls3 15 19",
   			]
		},		
		{
   			"Action": "EditMap",
   			"Target": "Maps/Custom_Ridgeside_RidgeForestQ4",
			"AddWarps": [
				"26 75 Custom_Ridgeside_RidgeForestQ1 27 1",
				"27 75 Custom_Ridgeside_RidgeForestQ1 27 1",
				"28 75 Custom_Ridgeside_RidgeForestQ1 27 1",
				"29 75 Custom_Ridgeside_RidgeForestQ1 27 1",
				"75 75 Custom_Ridgeside_RidgeForestQ1 76 1",
				"76 75 Custom_Ridgeside_RidgeForestQ1 76 1",
				"77 75 Custom_Ridgeside_RidgeForestQ1 76 1",
				"78 76 Custom_Ridgeside_RidgeForestQ1 76 1",
				"92 55 Custom_Ridgeside_RidgeForestQ3 1 56",
				"92 56 Custom_Ridgeside_RidgeForestQ3 1 56",
				"92 57 Custom_Ridgeside_RidgeForestQ3 1 56",
				"92 19 Custom_Ridgeside_RidgeForestQ3 1 20",
				"92 20 Custom_Ridgeside_RidgeForestQ3 1 20",
				"92 21 Custom_Ridgeside_RidgeForestQ3 1 20",
				"42 32 Custom_Ridgeside_MysticFalls2 15 19",
   			]
		},		
		{
   			"Action": "EditMap",
   			"Target": "Maps/Custom_Ridgeside_RidgesideVillage",
			"AddWarps": [
				"150 112 Custom_Ridgeside_RSVTheHike 0 27",
				"150 113 Custom_Ridgeside_RSVTheHike 0 27",
				"150 114 Custom_Ridgeside_RSVTheHike 0 27",
				"97 -1 Custom_Ridgeside_Ridge 38 38",
				"98 -1 Custom_Ridgeside_Ridge 39 38",
				"99 -1 Custom_Ridgeside_Ridge 40 38",
				"100 -1 Custom_Ridgeside_Ridge 41 38",
				"150 25 Custom_Ridgeside_RSVCliff 0 15",
				"150 26 Custom_Ridgeside_RSVCliff 0 15",
				"150 27 Custom_Ridgeside_RSVCliff 0 15",
				"150 28 Custom_Ridgeside_RSVCliff 0 15",
//				"28 125 Custom_Ridgeside_ElvenForest 59 0",
//				"29 125 Custom_Ridgeside_ElvenForest 60 0",
//				"30 125 Custom_Ridgeside_ElvenForest 61 0",
   			]
		},		
		{
   			"Action": "EditMap",
   			"Target": "Maps/Custom_Ridgeside_RSVAbandonedHouse",
			"AddWarps": [
      			"6 12 Custom_Ridgeside_RSVCliff 31 34",
  			]
		},		
//		{
//   			"Action": "EditMap",
//   			"Target": "Maps/Custom_Ridgeside_RSVBusStop",
//			"AddWarps": [
//      			"10 18 Custom_Ridgeside_LogCabinHotel2ndFloor 21 0",
//      			"11 18 Custom_Ridgeside_LogCabinHotel2ndFloor 22 0",
//      			"12 18 Custom_Ridgeside_LogCabinHotel2ndFloor 23 0",
//      			"13 18 Custom_Ridgeside_LogCabinHotel2ndFloor 24 0"
//   			]
//		},	
		{
   			"Action": "EditMap",
   			"Target": "Maps/Custom_Ridgeside_RSVCableCar",
			"AddWarps": [
				"20 7 Custom_Ridgeside_RSVCliff 24 19",
				"21 7 Custom_Ridgeside_RSVCliff 24 19",
				"19 30 BusStop 27 1",
				"20 30 BusStop 28 1",
				"21 30 BusStop 29 1",   			]
		},	
		{
   			"Action": "EditMap",
   			"Target": "Maps/Custom_Ridgeside_RSVCliff",
			"AddWarps": [
				"24 17 Custom_Ridgeside_RSVCableCar 20 9",
				"25 17 Custom_Ridgeside_RSVCableCar 20 9",
				"-1 33 Custom_Ridgeside_RSVTheHike 79 26",
				"-1 34 Custom_Ridgeside_RSVTheHike 79 26",
				"-1 35 Custom_Ridgeside_RSVTheHike 79 26",
				"-1 13 Custom_Ridgeside_RidgesideVillage 149 26",
				"-1 14 Custom_Ridgeside_RidgesideVillage 149 26",
				"-1 15 Custom_Ridgeside_RidgesideVillage 149 26",
				"-1 16 Custom_Ridgeside_RidgesideVillage 149 26",				
   			]
		},	
		{
   			"Action": "EditMap",
   			"Target": "Maps/Custom_Ridgeside_RSVGathering",
			"AddWarps": [
				"150 25 Custom_Ridgeside_RSVCliff 0 15",
				"150 26 Custom_Ridgeside_RSVCliff 0 15",
				"150 27 Custom_Ridgeside_RSVCliff 0 15",
				"150 28 Custom_Ridgeside_RSVCliff 0 15",
				"150 112 Custom_Ridgeside_RSVTheHike 0 27",
				"150 113 Custom_Ridgeside_RSVTheHike 0 27",
				"150 114 Custom_Ridgeside_RSVTheHike 0 27",
				"97 -1 Custom_Ridgeside_Ridge 38 38",
				"98 -1 Custom_Ridgeside_Ridge 39 38",
				"99 -1 Custom_Ridgeside_Ridge 40 38",
				"100 -1 Custom_Ridgeside_Ridge 41 38",
   			]
		},
		{
   			"Action": "EditMap",
   			"Target": "Maps/Custom_Ridgeside_RSVGreenhouse1",
			"AddWarps": [
      			"10 24 Custom_Ridgeside_RidgesideVillage 53 67",
   			]
		},	
		{
   			"Action": "EditMap",
   			"Target": "Maps/Custom_Ridgeside_RSVGreenhouse2",
			"AddWarps": [
      			"10 24 Custom_Ridgeside_RSVTheHike 38 24",
   			]
		},			
		{
   			"Action": "EditMap",
   			"Target": "Maps/Custom_Ridgeside_RSVHiddenWarp",
			"AddWarps": [
		        "11 1 Custom_Ridgeside_RSVNinjaHouse 6 9"
   			]
		},	
		{
   			"Action": "EditMap",
   			"Target": "Maps/Custom_Ridgeside_RSVHiddenWarp2",
			"AddWarps": [
		        "11 1 Custom_Ridgeside_Ridge 70 33"
   			]
		},	
//		{
//   			"Action": "EditMap",
//   			"Target": "Maps/Custom_Ridgeside_RSVJioShop",
//			"AddWarps": [
//      			"10 18 Custom_Ridgeside_LogCabinHotel2ndFloor 21 0",
//      			"11 18 Custom_Ridgeside_LogCabinHotel2ndFloor 22 0",
//      			"12 18 Custom_Ridgeside_LogCabinHotel2ndFloor 23 0",
//      			"13 18 Custom_Ridgeside_LogCabinHotel2ndFloor 24 0"
//   			]
//		},	
//		{
//   			"Action": "EditMap",
//   			"Target": "Maps/Custom_Ridgeside_RSVLine",
//			"AddWarps": [
//      			"10 18 Custom_Ridgeside_LogCabinHotel2ndFloor 21 0",
//      			"11 18 Custom_Ridgeside_LogCabinHotel2ndFloor 22 0",
//      			"12 18 Custom_Ridgeside_LogCabinHotel2ndFloor 23 0",
//      			"13 18 Custom_Ridgeside_LogCabinHotel2ndFloor 24 0"
//   			]
//		},	
		{
   			"Action": "EditMap",
   			"Target": "Maps/Custom_Ridgeside_RSVMinecart",
			"AddWarps": [
		        "11 1 Custom_Ridgeside_RSVNinjaHouse 6 9"
   			]
		},	
		{
   			"Action": "EditMap",
   			"Target": "Maps/Custom_Ridgeside_RSVNinjaHouse",
			"AddWarps": [
      			"8 14 Custom_Ridgeside_RidgesideVillage 135 83",
   			]
		},	
		{
   			"Action": "EditMap",
   			"Target": "Maps/Custom_Ridgeside_RSVPikaOpen",
			"AddWarps": [
      			"10 18 Custom_Ridgeside_LogCabinHotel2ndFloor 21 0",
      			"11 18 Custom_Ridgeside_LogCabinHotel2ndFloor 22 0",
      			"12 18 Custom_Ridgeside_LogCabinHotel2ndFloor 23 0",
      			"13 18 Custom_Ridgeside_LogCabinHotel2ndFloor 24 0"
   			]
		},	
		{
   			"Action": "EditMap",
   			"Target": "Maps/Custom_Ridgeside_RSVTheHike",
			"AddWarps": [
				"80 25 Custom_Ridgeside_RSVCliff 0 34",
				"80 26 Custom_Ridgeside_RSVCliff 0 34",
				"80 27 Custom_Ridgeside_RSVCliff 0 34",
				"-1 26 Custom_Ridgeside_RidgesideVillage 149 113",
				"-1 27 Custom_Ridgeside_RidgesideVillage 149 113",
				"-1 28 Custom_Ridgeside_RidgesideVillage 149 113",
   			]
		},	
		{
   			"Action": "EditMap",
   			"Target": "Maps/Custom_Ridgeside_RSVTheRide",
			"AddWarps": [
				"-2 -2 Custom_Ridgeside_RidgesideVillage 0 0"
   			]
		},	
		{
   			"Action": "EditMap",
   			"Target": "Maps/Custom_Ridgeside_ShiroHouse",
			"AddWarps": [
      			"2 15 Custom_Ridgeside_RidgesideVillage 130 44",
   			]
		},																																													
//				{
//   			"Action": "EditMap",
//   			"Target": "Maps/Custom_Ridgeside_UnlockGH1",
//			"AddWarps": [
//      			"10 18 Custom_Ridgeside_LogCabinHotel2ndFloor 21 0",
//      			"11 18 Custom_Ridgeside_LogCabinHotel2ndFloor 22 0",
//      			"12 18 Custom_Ridgeside_LogCabinHotel2ndFloor 23 0",
//      			"13 18 Custom_Ridgeside_LogCabinHotel2ndFloor 24 0"
//   			]
//		},	
//				{
//   			"Action": "EditMap",
//   			"Target": "Maps/Custom_Ridgeside_UnlockGH2",
//			"AddWarps": [
//      			"10 18 Custom_Ridgeside_LogCabinHotel2ndFloor 21 0",
//      			"11 18 Custom_Ridgeside_LogCabinHotel2ndFloor 22 0",
//      			"12 18 Custom_Ridgeside_LogCabinHotel2ndFloor 23 0",
//      			"13 18 Custom_Ridgeside_LogCabinHotel2ndFloor 24 0"
//   			]
//		},			

			//BusStop Warp
				{
   			"Action": "EditMap",
   			"Target": "Maps/BusStop",
			"AddWarps": [
				"27 -1 Custom_Ridgeside_RSVCableCar 19 28",
				"28 -1 Custom_Ridgeside_RSVCableCar 20 28",
				"29 -1 Custom_Ridgeside_RSVCableCar 21 28",
   			]
		},			

]
}