{

	"spring": "800 Custom_Ridgeside_MaddieHouse 6 11 1/900 Custom_Ridgeside_AguarLab 23 6 0 square_3_1_0/1400 RidgesideVillage 107 123 1/1700 Custom_Ridgeside_AguarLab 22 9 0/1900 Custom_Ridgeside_MaddieHouse 6 11 1/2200 Custom_Ridgeside_MaddieHouse 20 5 0 maddie_sleep",
	"summer": "800 Custom_Ridgeside_MaddieHouse 6 11 1/900 Custom_Ridgeside_AguarLab 23 6 0 square_3_1_0/1400 RidgesideVillage 135 108 2/1700 Custom_Ridgeside_AguarLab 22 9 0/1900 Custom_Ridgeside_MaddieHouse 6 11 1/2200 Custom_Ridgeside_MaddieHouse 20 5 0 maddie_sleep",
	"fall": "800 Custom_Ridgeside_MaddieHouse 6 11 1/900 Custom_Ridgeside_AguarLab 23 6 0 square_3_1_0/1400 RidgesideVillage 88 56 2/1700 Custom_Ridgeside_AguarLab 22 9 0/1900 Custom_Ridgeside_MaddieHouse 6 11 1/2200 Custom_Ridgeside_MaddieHouse 20 5 0 maddie_sleep",
	"winter": "800 Custom_Ridgeside_MaddieHouse 6 11 1/900 Custom_Ridgeside_AguarLab 23 6 0 square_3_1_0/1400 RidgesideVillage 135 108 2/1700 Custom_Ridgeside_AguarLab 22 9 0/1900 Custom_Ridgeside_MaddieHouse 6 11 1/2200 Custom_Ridgeside_MaddieHouse 20 5 0 maddie_sleep",
	"rain": "800 Custom_Ridgeside_MaddieHouse 6 11 1/900 Custom_Ridgeside_AguarLab 23 6 0 square_3_1_0/1400 Custom_Ridgeside_Ridge 26 24 3/1700 Custom_Ridgeside_AguarLab 22 9 0/1900 Custom_Ridgeside_MaddieHouse 6 11 1/2200 Custom_Ridgeside_MaddieHouse 20 5 0 maddie_sleep",
	"10": "700 Custom_Ridgeside_AguarLab 23 26 0 square_3_1_0/1100 Beach 14 37 1/1400 SeedShop 12 20 0/1600 Custom_Ridgeside_AguarLab 22 9 0/1900 Custom_Ridgeside_MaddieHouse 6 11 1/2200 Custom_Ridgeside_MaddieHouse 20 5 0 maddie_sleep",
	"20": "GOTO 10",
	"Sun": "800 Custom_Ridgeside_MaddieHouse 6 11 1/900 Custom_Ridgeside_MaddieHouse 8 5 0/1200 Mountain 16 8 2/1430 Mountain 31 22 0/1600 Mountain 48 28 1/1800 Custom_Ridgeside_MaddieHouse 6 11 1/2200 Custom_Ridgeside_MaddieHouse 20 5 0 maddie_sleep",
	
	//Marriage Schedule
	"marriage_Mon": "900 Custom_Ridgeside_AguarLab 23 6 0 square_3_1_0/1400 RidgesideVillage 107 123 1/1700 Custom_Ridgeside_AguarLab 22 9 0/2200 BusStop -1 23 3",
	"marriage_Wed": "900 Custom_Ridgeside_AguarLab 23 6 0 square_3_1_0/1400 RidgesideVillage 135 108 2/1700 Custom_Ridgeside_AguarLab 22 9 0/2200 BusStop -1 23 3",
	"marriage_Thu": "700 Custom_Ridgeside_AguarLab 23 26 0 square_3_1_0/1100 Beach 14 37 1/1400 SeedShop 12 20 0/1600 Custom_Ridgeside_AguarLab 22 9 0/2200 BusStop -1 23 3",
	"marriage_Fri": "1200 Mountain 16 8 2/1430 Mountain 31 22 0/1600 Mountain 48 26 1/2200 BusStop -1 23 3",

}
