{

	"spring": "610 Custom_Ridgeside_RidgesideVillage 64 35 0/900 Custom_Ridgeside_RidgesideVillage 72 53 0 square_3_1_0/2300 Custom_Ridgeside_PikaHouse 16 5 0 pika_sleep",
	"summer": "610 Custom_Ridgeside_RidgesideVillage 64 35 0/900 Custom_Ridgeside_RidgesideVillage 72 53 0 square_3_1_0/2300 Custom_Ridgeside_PikaHouse 16 5 0 pika_sleep",
	"fall": "610 Custom_Ridgeside_RidgesideVillage 64 35 0/900 Custom_Ridgeside_RidgesideVillage 72 53 0 square_3_1_0/2300 Custom_Ridgeside_PikaHouse 16 5 0 pika_sleep",
	"winter": "610 Custom_Ridgeside_RidgesideVillage 64 35 0/900 Custom_Ridgeside_RidgesideVillage 72 53 0 square_3_1_0/2300 Custom_Ridgeside_PikaHouse 16 5 0 pika_sleep",
	"rain": "800 Custom_Ridgeside_PikaHouse 5 5 2/1000 SeedShop 4 23 0/1300 Custom_Ridgeside_JericHouse 6 15 0/1700 Custom_Ridgeside_PikaHouse 5 5 2/2300 Custom_Ridgeside_PikaHouse 16 5 0 pika_sleep",
	"Wed": "610 Custom_Ridgeside_JericHouse 6 15 0/900 Custom_Ridgeside_RidgesideVillage 72 53 0 square_3_1_0/2300 Custom_Ridgeside_PikaHouse 16 5 0 pika_sleep",
	
}