﻿{
	"Music" : [
	{
		"Id": "AlissaConcert",
		"File": "AlissaConcert.ogg",
		"Loop": false,
		"Preload": false
	},
	{
		"Id": "AlissaVocals",
		"File": "AlissaVocals.ogg",
		"Loop": false,
		"Preload": false
	},
	{
		"Id": "AlissaWithPiano",
		"File": "AlissaWithPiano.ogg",
		"Loop": false,
		"Preload": false
	},
	{
		"Id": "AlissaTheme",
		"File": "AlissaTheme.ogg",
		"Preload": false
	},
	{
		"Id": "CorineTheme",
		"File": "CorineTheme.ogg",
		"Preload": false
	},
	{
		"Id": "FlorTheme",
		"File": "FlorTheme.ogg",
		"Preload": false
	},
	{
		"Id": "IanTheme",
		"File": "IanTheme.ogg",
		"Preload": false
	},
	{
		"Id": "JericTheme",
		"File": "JericTheme.ogg",
		"Preload": false
	},
	{
		"Id": "KennethTheme",
		"File": "KennethTheme.ogg",
		"Preload": false
	},
	{
		"Id": "MaddieTheme",
		"File": "MaddieTheme.ogg",
		"Preload": false
	},
	{
		"Id": "PhilipTheme",
		"File": "PhilipTheme.ogg",
		"Preload": false
	},
	{
		"Id": "ShiroTheme",
		"File": "ShiroTheme.ogg",
		"Preload": false
	},
	{
		"Id": "YsabelleTheme",
		"File": "YsabelleTheme.ogg",
		"Preload": false
	},
	{
		"Id": "YsaDance",
		"File": "YsaDance.ogg",
		"Preload": false
	},
	{
		"Id": "EmberNight",
		"File": "EmberNight.ogg",
		"Preload": true
	},
	{
		"Id": "FallInRidgeside",
		"File": "FallInRidgeside.ogg",
		"Preload": true
	},
	{
		"Id": "CaveDrip",
		"File": "CaveDrip.ogg",
		"Preload": true
	},	
	]
}
