{
"Changes": [
	{
   
   "Action": "EditData",
   "Target": "Characters/Dialogue/Jio",
   "Entries": {

	"Introduction": "The spirits greet you, stranger. I am but a nameless traveler, but you may refer to me as Jio.",

//Spring
	"spring_1": "The cold fades with the coming of the warm southern breeze.#$e#It seems calmer now.$h",
	"spring_12": "The rooster that crows too early.#$e#Must tread on eggshells.$h",
	"spring_23": "I will hide among the flowers, as a single petal among many.",

//Summer
	"summer_1": "There's energy brewing under the earth.$4",
	"summer_10": "I will sneak into town to taste the soup tomorrow.#$e#It better be good...$a",
	"summer_27": "The beacons.$u#$b#It's the signal.$4#$e#Tomorrow night...",

//Fall
	"fall_1": "The spirits are getting louder.#$e#Be careful.$h",
	"fall_15": "Do not bother looking for me tomorrow.#$e#You will never find me.$h",
	"fall_26": "I will go undercover tomorrow.#$e#Do not try to find me, it will be a waste of your time.$h",

//Winter
	"winter_1": "The dead stay silent.",
	"winter_7": "Snow dampens all noise.#$e#Is it easier to be heard or to be silent, when the world is covered like this?",
	"winter_14": "I get to meet some old friends tomorrow.",
	"winter_15": "They bring stories and memories with them.$s",
	"winter_16": "I like this coffee.$h",
	"winter_17": "Every boat has a merchant.#$e#Some only appear for the worthy few.$h",
	"winter_24": "A holiday party tomorrow?$u#$e#It sounds enjoyable.$h",

//Days of the Week

	//0 Hearts
	"Mon": "You never saw me.",
	"Tue": "%Jio is ignoring you.",
	"Wed": "Don't follow me.#$e#You'll regret it if you try.$h",
	"Thu": "%Jio is ignoring you.",
	"Fri": "You don't see me.#$e#I'm just an illusion.$h",
	"Sat": "%Jio is ignoring you.",
	"Sun": "Begone.#$e#You're too nosy!$a",
	
	//2 Hearts
	"Mon2": "Hm?#$e#You're here again?$a#$e#Don't follow me.",
	"Tue2": "%Jio is ignoring you.",
	"Wed2": "Are you not busy?$u#$e#You seem to have a lot of time on your hands.$a",
	"Thu2": "%Jio is ignoring you.",
	"Fri2": "Don't touch my belongings.#$e#It's for your own safety.$h",
	"Sat2": "%Jio is ignoring you.",
	"Sun2": "Don't come any closer.#$e#What did I just say?$a#$e#Begone.",
	
	//4 Hearts
	"Mon4": "You don't give up, do you?#$e#Interesting...",
	"Tue4": "Ugh$s.#$e#I'm fine, it'll stop bleeding soon.$h",
	"Wed4": "Don't touch that.#$e#It isn't for children!$a",
	"Thu4": "%Jio is ignoring you.",
	"Fri4": "Don't follow me.#$e#How many times do I have to tell you?$a",
	"Sat4": "%Jio is ignoring you.",
	"Sun4": "You are exceedingly persistent.",
	
	//6 Hearts
	"Mon6": "I have work to do.#$e#Don't bother me.",
	"Tue6": "Why are you here again?#$e#Do what you need to and get going.",
	"Wed6": "%Jio is ignoring you.",
	"Thu6": "Don't touch that, you'll hurt yourself.#$e#Does that look like fake blood to you?$h",
	"Fri6": "Do you know Marlon?#$b#If you do, go to him.#$e#Why?#$b#So you don't bother me.",
	"Sat6": "It is dangerous to loiter around me as you do.",
	"Sun6": "Do you have a deathwish?#$e#Get out of here.",
	
	//8 Hearts
	"Mon8": "Come on, Kiwi.$h#$e#Oh, it's you.$u#$e#What do you want?",
	"Tue8": "You seem like a reasonable person.$h#$e#Maybe there's some merit in letting you accompany me.",
	"Wed8": "I saw you exit the mines the other day with some loot.#$e#It seems you're capable of defending yourself in combat.$h",
	"Thu8": "I'm in a hurry.#$b#Can't talk.$s#$e#Why?#$b#None of your business.$a",
	"Fri8": "This job isn't for the weak.#$e#What, you think you're strong?$u#$e#Hmm.#$e#You might be worth something to the Dusk Force.$h#$e#Come back when our boss is around.",
	"Sat8": "Beware of evil spirits when the sun sets, do not linger past midnight.$a",
	"Sun8": "You have a lack of fear because you have not yet met fear itself.$s",
	
	//10 Hearts
	"Mon10": "We've got a job to finish.#$b#Are you coming?#$e#Perhaps next time, then.",
	"Tue10": "You're trustworthy enough.#$b#Keep your mouth shut about what you saw, you hear?#$e#Let's not speak of this again.",
	"Wed10": "%Jio is mumbling about plum pudding with a smile on his face.#$e#Mmm.$h#$b#What!?$4#$b#When!?$u#$b#Why are you here!?$a",
	"Thu10": "Beware of the old man who works at the water research facility.#$e#He knows far too much and understands too little.",
	"Fri10": "This land has old secrets, and you'll live a happier life if you don't know them.#$e#Trust me.$h",
	"Sat10": "Don't go wandering off into the ridge at night.$a#$e#I will not be around if you get into trouble.$s",
	"Sun10": "The unseen blade is the deadliest.#$e#Always flank your enemies.$h",

//Special Dialogue
	"MovieInvitation": "A movie?#$b#I am quite interested in seeing these moving pictures.#$b#I'll be there.$h",
	
//Resort
	"Resort_Entering": "I sense activity within that volcano.$4#$e#Not the earth.#$b#Those within it.#$b#...$u#$b#Dwarves.$4#$b#It must be dwarves.$h",
	"Resort_Leaving": "To tell the truth, I'm looking forward to being back in the valley.",
	"Resort_Shore": "Do you people actually enjoy this kind of heat?$s",
	"Resort_Chair": "Too bright.$a#$e#Too hot.$s",
	"Resort_Bar": "Alcohol numbs the senses... that might be preferable here.$s",
	"Resort": "Kiwi appears to be enjoying herself.$h",

		},
	},
]
}
