{
"Changes": [
	{
   
   "Action": "EditData",
   "Target": "Characters/Dialogue/Kiwi",
   "Entries": {

	"Introduction": "Kiwi does not know you. Kiwi think you new here. Do not follow Kiwi.",

//Spring
	"spring_1": "Kiwi like springtime.$h#$e#Kiwi hide better in spring.$a",
	"spring_12": "Town Egg Festival look fun.$h#$e#Kiwi sneak in maybe.$a",
	"spring_23": "Humans dance tomorrow.#$e#Kiwi like forest dancing.$h",

//Summer
	"summer_1": "Kiwi want to go to beach.$h#$e#Hup hup.$a",
	"summer_10": "Does soup of tomorrow taste good?",
	"summer_27": "Some jellyfish good friends.$h#$e#Kiwi miss jellyfish.$s",

//Fall
	"fall_1": "Kiwi like to swim in leaves!$h#$e#Shee!$a",
	"fall_15": "Kiwi play tomorrow with humans, maybe?#$b#But Kiwi work first.",
	"fall_26": "Hmm, tomorrow?#$e#Kiwi is there maybe.",

//Winter
	"winter_1": "Kiwi hate winter.$a#$b#Is cold.$u#$e#Kiwi bad hide in snow. Hmph!$s#$e#Shoo!$a",
	"winter_7": "Kiwi does not swim.#$e#But catch fish, maybe?$h",
	"winter_14": "Good friends come tomorrow.$h#$e#Many old friends...$s",
	"winter_15": "Boats bring new things.",
	"winter_16": "Someday Kiwi ride boat, maybe?#$e#See new places?$u",
	"winter_17": "Maybe Kiwi travel someday, but Kiwi always come back to valley.$h",
	"winter_24": "New year soon.#$b#Same Kiwi.$h#$e#New Kiwi work, maybe?$u",

//Days of the Week

	//0 Hearts
	"Mon": "Kiwi has mission today.#$e#Don't follow Kiwi.$a",
	"Tue": "%Kiwi is ignoring you.",
	"Wed": "Don't touch.$a#$e#Kiwi has knives.",
	"Thu": "%Kiwi is ignoring you.",
	"Fri": "Hup hup hup.$h#$e#Go.$a",
	"Sat": "Kiwi does not like strange person.#$e#Shoo!$a",
	"Sun": "%Kiwi is ignoring you.",
	
	//2 Hearts
	"Mon2": "Don't annoy Kiwi.#$e#Shoo!$a",
	"Tue2": "%Kiwi is ignoring you.",
	"Wed2": "Kiwi favorite things are sharp things.$4#$e#Swords and knives.#$b#You close?$u#$b#Kiwi stab!$h#$e#Shoo!$a",
	"Thu2": "%Kiwi is ignoring you.",
	"Fri2": "Don't chase Kiwi.#$e#Hate follow.$a",
	"Sat2": "%Kiwi is ignoring you.",
	"Sun2": "Jio!#$b#Wait for Kiwi!$s#$e#Oof!$s",
	
	//4 Hearts
	"Mon4": "Kiwi is busy.#$e#Shoo!$a",
	"Tue4": "%Kiwi is ignoring you.",
	"Wed4": "Faster than Kiwi?$u#$b#No.$a#$e#@ slow!$h",
	"Thu4": "%Kiwi is ignoring you.",
	"Fri4": "Kiwi vanish now.$4#$e#Shoo!$a",
	"Sat4": "%Kiwi is ignoring you.",
	"Sun4": "Kiwi is not like other Junimo.#$e#Shoo!$a",
	
	//6 Hearts
	"Mon6": "Kiwi see friend more maybe.$h#$e#Hmm?$4",
	"Tue6": "Kiwi favorite thing is making blades sharp.$h#$e#Don't touch!$s",
	"Wed6": "%Kiwi is pretending to ignore you.",
	"Thu6": "@ good person maybe.#$e#Kiwi is still suspicious.$u#$e#Only follow Kiwi from distance.$h",
	"Fri6": "%Kiwi is trying to ignore you, but can't stop smiling at you.",
	"Sat6": "Some human chase Kiwi.$u#$e#Kiwi hate chase.$a#$e#Is annoying.$s",
	"Sun6": "Other Junimo are like family but Kiwi not for family...#$e#Shoo!$s",
	
	//8 Hearts
	"Mon8": "Kiwi like friend @.#$e#Shee!$h",
	"Tue8": "Want to train with Kiwi?#$e#Hup hup!$h",
	"Wed8": "Kiwi does not like to talk lots.#$e#Kiwi train.",
	"Thu8": "Jio is good friend.#$b#Jio is long time friend.#$e#Jio is very nice to Kiwi.$h",
	"Fri8": "Kiwi like frontflips.$h#$e#Can friend @ flip front?$u",
	"Sat8": "Friend @ is quick and quiet too?$u#$b#No.$a#$e#Kiwi and Jio boss can teach.$h#$b#Boss not here today.$s",
	"Sun8": "Kiwi have special Junimo weapon. See?$h#e#Shoo!$a#b#No touch.#$e#Too small for human.$h",
	
	//10 Hearts
	"Mon10": "Kiwi make weapons.#$e#You want?$h",
	"Tue10": "Oh hi. Kiwi like you!$h#$e#Kiwi think @ is good friend.#$e# Is happy to meet friend @.$h",
	"Wed10": "Shee!$h#$b#Hup hup!$h#$b#Friend!$h#$b#Kiwi is happy to see.$h",
	"Thu10": "Kiwi scared sometimes.$s#$b#Mission is scary maybe.$u#$e#Jio make Kiwi not scared.#$b#Jio good friend.$h#$b#Like @, maybe.$4",
	"Fri10": "Kiwi is bad Junimo before.$s#$b#Kiwi not like old Junimo life.#$e#Kiwi banish before.#$b#Now good Kiwi.#$e#Kiwi happy now.$h",
	"Sat10": "Truth, Kiwi love to play with tiny human.#$e#Kiwi is happy.$h",
	"Sun10": "Ridge scare Kiwi at night maybe.$s#$b#But Kiwi has duty!$a#$e#Kiwi do good!$h#$b#Make Jio proud.$u",

//Special Dialogue
	"MovieInvitation": "Kiwi watch movie!?$h#$b#Kiwi like friend @.$4",
	
//Resort
	"Resort_Entering": "Kiwi go on adventure.$h#$e#Maybe swim.$u",
	"Resort_Leaving": "Kiwi will be back!$a",
	"Resort_Shore": "Kiwi try swim.$h#$e#Only float.$s",
	"Resort_Chair": "Kiwi sit and rest.$s#$e#But still strong.$a",
	"Resort_Bar": "Sun bright, sun hot. Kiwi thirsty.",
	"Resort": "Kiwi see rainbow chicken.#$b#Fly high in sky.$u#$e#One day Kiwi also fly.$h",

		},
	},
]
}
