{
"Changes": [
	{
   
   "Action": "EditData",
   "Target": "Characters/Dialogue/Undreya",
   "Entries": {

	"Introduction": "We're not supposed to meet this early.",

//Day before Festivals	
	"spring_12": "Don't go collecting eggs without checking them tomorrow.#$b#You might hand me over the townsfolk by accident!$u",
	"summer_10": "I always attend the Luau. I love the soup!$h#$b#I also like the spare change that purple balloon has.#$b#He should visit more often.$h",
	"summer_27": "I wanna see the jellies too!$h#$b#Ofcourse I'll be there tomorrow! You'll just have a hard time finding me!$h",
	"fall_26": "Uhmmm.. I don't like tomorrow..$s",
	"winter_7": "I hate fish. Yuck!$a#$b#I'm not interested in the festival tomorrow.",
	"winter_14": "Ooh! I've been looking forward for the merchants to come!$h#$b#So many pockets to pick! Teehee < $h",
	"winter_24": "I should learn to be a good elf from time to time.#$b#My friend wouldn't like it if I overstole...$s#$e#Yeah... I should learn to be good once in a while...$s",

//Days of the Week
	"Mon": "Oh! You found me! As promised. Here's a prize! [60 72 167 206 336] $h#$e#I like to hide everywhere!$h#$b$You get to hear some interesting stories!$h",
	"Tue": "Oh! You found me! As promised. Here's a prize! [60 72 167 206 336] $h#$e#Once I transformed into a rock and a passing kid almost threw me to the bottom of the lake!$a#$b#I'll never forget that red shirt shortie!$a",
	"Wed": "Oh! You found me! As promised. Here's a prize! [60 72 167 206 336] $h#$e#I love to transform into a teddy bear. It feels so good to be hugged!$h#$b#Hey! No! I don't like being hugged when I'm in my elf form!$a#$e#Well... Unless if it was him...$s",
	"Thu": "Hey. Thanks for the ice cream the other day!$h#$e#Huh? What ice cream?#$b#Oh yeah! I forgot. I stole some change from you the other day Teehee < $h#$b#I hope you don't mind! It's for charity!$h#$e#Thursdays are rest days!$h#$b#No stealing for today!$h",
	"Fri": "Oh! You found me! As promised. Here's a prize! [60 72 167 206 336] $h#$e#Shoo. You're blowing my cover.$a#$e#I'm busy waiting for the next pocket!$a",
	"Sat": "Oh! You found me! As promised. Here's a prize! [60 72 167 206 336] $h#$e#I should stay away from that wizard at the forest and that man who wears a red scarf...$s#$b#He told me about them before too...$s",
	"Sun": "Oh! You found me! As promised. Here's a prize! [60 72 167 206 336] $h#$e#I love hiding around that farm in the south of the mountain village.#$b#The lady there sings so beautifully.$h",
	
//Seasonal
	"spring_1": "It's the spring!.",
	"summer_1": "It's the summer!.",
	"fall_1": "It's autumn!",
	"winter_1": "It's winter!",

		},
	},
]		
}