{
  "Name": "Mountain Arugula",
  "Description": "A cool weather crop found in the ridge of mountains. According to the locals, it gives a temporary boost in luck.",
  "Category": "Vegetable",
  "Edibility": 15,
  "EdibleBuffs": {
    "Farming": 0,
    "Fishing": 0,
    "Mining": 0,
    "Luck": 1,
	"Foraging": 0,
	"MaxStamina": 0,
    "MagnetRadius": 0,
	"Speed": 0,
	"Defense": 0,
	"Attack": 0,
    "Duration": 10,
	},
  "Price": 60,
  "IsColored": false,
  "Recipe": null,
  "GiftTastes":
  {
  "Love": ["Ysabelle", "Jeric"],
  "Like": ["Ian", "Alex", "Caroline", "Clint", "Demetrius", "Dwarf", "Elliott", "Emily", "Evelyn", "George", "Gus", "Jas", "Jodi", "Kent", "Krobus", "Leah", "Lewis", "Linus", "Marnie", "Maru", "Pam", "Penny", "Pierre", "Robin", "Sandy", "Shane", "Willy", "Wizard","Abigail", "Haley", "Sam", "Sebastian", "Vincent"],
  },
}