{
"Changes": [
	
//------------------------------------- D A T A B L E S -------------------------------------

//------------------------
// E N G A G E M E N T    
//------------------------

	{
			
		"LogName": "Engagement Dialogue",
		"Action": "EditData",
		"Target": "Data/EngagementDialogue",
		"Entries": {
		
				"Alissa0": "{{i18n:Romance.Engagement.Alissa0}}",
				"Alissa1": "{{i18n:Romance.Engagement.Alissa1}}",
				
				"Corine0": "{{i18n:Romance.Engagement.Corine0}}",
				"Corine1": "{{i18n:Romance.Engagement.Corine1}}",
				
				"Flor0": "{{i18n:Romance.Engagement.Flor0}}",
				"Flor1": "{{i18n:Romance.Engagement.Flor1}}",
				
				"Ian0": "{{i18n:Romance.Engagement.Ian0}}",
				"Ian1": "{{i18n:Romance.Engagement.Ian1}}",
				
				"Jeric0": "{{i18n:Romance.Engagement.Jeric0}}",
				"Jeric1": "{{i18n:Romance.Engagement.Jeric1}}",
				
				"Kenneth0": "{{i18n:Romance.Engagement.Kenneth0}}",
				"Kenneth1": "{{i18n:Romance.Engagement.Kenneth1}}",
				
				"Maddie0": "{{i18n:Romance.Engagement.Maddie0}}",
				"Maddie1": "{{i18n:Romance.Engagement.Maddie1}}",
				
				"Philip0": "{{i18n:Romance.Engagement.Philip0}}",
				"Philip1": "{{i18n:Romance.Engagement.Philip1}}",
				
				"Shiro0": "{{i18n:Romance.Engagement.Shiro0}}",
				"Shiro1": "{{i18n:Romance.Engagement.Shiro1}}",
				
				"Ysabelle0": "{{i18n:Romance.Engagement.Ysabelle0}}",
				"Ysabelle1": "{{i18n:Romance.Engagement.Ysabelle1}}",
				
		},
	},
	
	//Female Wedding Fixes
	{
		"Action": "EditData",
		"Target": "strings/StringsFromCSFiles",
		"Entries": {
		"Utility.cs.5367": "{{i18n:Romance.FemaleWeddingFix.MaleFarmer1.Alissa}}",
		"Utility.cs.5369": "{{i18n:Romance.FemaleWeddingFix.FemaleFarmer1.Alissa}}",
		"Utility.cs.5371": "{{i18n:Romance.FemaleWeddingFix.MaleFarmer2.Alissa}}",
		"Utility.cs.5377": "{{i18n:Romance.FemaleWeddingFix.FemaleFarmer2.Alissa}}",
		},
		"When": { "Relationship:Alissa": "Engaged" },
	},
	{    
		"Action": "EditData",
		"Target": "strings/StringsFromCSFiles",
		"Entries": {
		"Utility.cs.5367": "{{i18n:Romance.FemaleWeddingFix.MaleFarmer1.Corine}}",
		"Utility.cs.5369": "{{i18n:Romance.FemaleWeddingFix.FemaleFarmer1.Corine}}",
		"Utility.cs.5371": "{{i18n:Romance.FemaleWeddingFix.MaleFarmer2.Corine}}",
		"Utility.cs.5377": "{{i18n:Romance.FemaleWeddingFix.FemaleFarmer2.Corine}}",
		},
		"When": { "Relationship:Corine": "Engaged" },
	},
	{
		"Action": "EditData",
		"Target": "strings/StringsFromCSFiles",
		"Entries": {
		"Utility.cs.5367": "{{i18n:Romance.FemaleWeddingFix.MaleFarmer1.Flor}}",
		"Utility.cs.5369": "{{i18n:Romance.FemaleWeddingFix.FemaleFarmer1.Flor}}",
		"Utility.cs.5371": "{{i18n:Romance.FemaleWeddingFix.MaleFarmer2.Flor}}",
		"Utility.cs.5377": "{{i18n:Romance.FemaleWeddingFix.FemaleFarmer2.Flor}}",
		},
		"When": { "Relationship:Flor": "Engaged" },
	},
	{
		"Action": "EditData",
		"Target": "strings/StringsFromCSFiles",
		"Entries": {
		"Utility.cs.5367": "{{i18n:Romance.FemaleWeddingFix.MaleFarmer1.Maddie}}",
		"Utility.cs.5369": "{{i18n:Romance.FemaleWeddingFix.FemaleFarmer1.Maddie}}",
		"Utility.cs.5371": "{{i18n:Romance.FemaleWeddingFix.MaleFarmer2.Maddie}}",
		"Utility.cs.5377": "{{i18n:Romance.FemaleWeddingFix.FemaleFarmer2.Maddie}}",
		},
		"When": { "Relationship:Maddie": "Engaged" },
	},
	{	
		"Action": "EditData",
		"Target": "strings/StringsFromCSFiles",
		"Entries": {
		"Utility.cs.5367": "{{i18n:Romance.FemaleWeddingFix.MaleFarmer1.Ysabelle}}",
		"Utility.cs.5369": "{{i18n:Romance.FemaleWeddingFix.FemaleFarmer1.Ysabelle}}",
		"Utility.cs.5371": "{{i18n:Romance.FemaleWeddingFix.MaleFarmer2.Ysabelle}}",
		"Utility.cs.5377": "{{i18n:Romance.FemaleWeddingFix.FemaleFarmer2.Ysabelle}}",
		},
		"When": { "Relationship:Ysabelle": "Engaged" },
	},
	
//--------------------
// Special Dialogue   
//--------------------

	{
		"LogName": "Alissa Special Dialogue",
		"Action": "EditData",
		"Target": "Characters/Dialogue/Alissa",
		"Entries": {
			"give_flowersA": "{{i18n:Romance.give.flowersA.Alissa}}",
			"give_flowersB": "{{i18n:Romance.give.flowersB.Alissa}}",
			"stardrop_gift": "{{i18n:Romance.stardrop.gift.Alissa}}",
			"rejectNPCA": "{{i18n:Romance.rejectNPCA.Alissa}}",
			"rejectNPCB": "{{i18n:Romance.rejectNPCB.Alissa}}",
		},
	},
	{
		"LogName": "Corine Special Dialogue",
		"Action": "EditData",
		"Target": "Characters/Dialogue/Corine",
		"Entries": {
			"give_flowersA": "{{i18n:Romance.give.flowersA.Corine}}",
			"give_flowersB": "{{i18n:Romance.give.flowersB.Corine}}",
			"stardrop_gift": "{{i18n:Romance.stardrop.gift.Corine}}",
			"rejectNPCA": "{{i18n:Romance.rejectNPCA.Corine}}",
			"rejectNPCB": "{{i18n:Romance.rejectNPCB.Corine}}",
		},
	},
	{		
		"LogName": "Flor Special Dialogue",
		"Action": "EditData",
		"Target": "Characters/Dialogue/Flor",
		"Entries": {
			"give_flowersA": "{{i18n:Romance.give.flowersA.Flor}}",
			"give_flowersB": "{{i18n:Romance.give.flowersB.Flor}}",
			"stardrop_gift": "{{i18n:Romance.stardrop.gift.Flor}}",
			"rejectNPCA": "{{i18n:Romance.rejectNPCA.Flor}}",
			"rejectNPCB": "{{i18n:Romance.rejectNPCB.Flor}}",
		},
	},
	{
		"LogName": "Ian Special Dialogue",
		"Action": "EditData",
		"Target": "Characters/Dialogue/Ian",
		"Entries": {
			"give_flowersA": "{{i18n:Romance.give.flowersA.Ian}}",
			"give_flowersB": "{{i18n:Romance.give.flowersB.Ian}}",
			"stardrop_gift": "{{i18n:Romance.stardrop.gift.Ian}}",
			"rejectNPCA": "{{i18n:Romance.rejectNPCA.Ian}}",
			"rejectNPCB": "{{i18n:Romance.rejectNPCB.Ian}}",
		},
	},
	{		
		"LogName": "Jeric Special Dialogue",
		"Action": "EditData",
		"Target": "Characters/Dialogue/Jeric",
		"Entries": {
			"give_flowersA": "{{i18n:Romance.give.flowersA.Jeric}}",
			"give_flowersB": "{{i18n:Romance.give.flowersB.Jeric}}",
			"stardrop_gift": "{{i18n:Romance.stardrop.gift.Jeric}}",
			"rejectNPCA": "{{i18n:Romance.rejectNPCA.Jeric}}",
			"rejectNPCB": "{{i18n:Romance.rejectNPCB.Jeric}}",
		},
	},
	{
		"LogName": "Kenneth Special Dialogue",
		"Action": "EditData",
		"Target": "Characters/Dialogue/Kenneth",
		"Entries": {
			"give_flowersA": "{{i18n:Romance.give.flowersA.Kenneth}}",
			"give_flowersB": "{{i18n:Romance.give.flowersB.Kenneth}}",
			"stardrop_gift": "{{i18n:Romance.stardrop.gift.Kenneth}}",
			"rejectNPCA": "{{i18n:Romance.rejectNPCA.Kenneth}}",
			"rejectNPCB": "{{i18n:Romance.rejectNPCB.Kenneth}}",
		},
	},
	{		
		"LogName": "Maddie Special Dialogue",
		"Action": "EditData",
		"Target": "Characters/Dialogue/Maddie",
		"Entries": {
			"give_flowersA": "{{i18n:Romance.give.flowersA.Maddie}}",
			"give_flowersB": "{{i18n:Romance.give.flowersB.Maddie}}",
			"stardrop_gift": "{{i18n:Romance.stardrop.gift.Maddie}}",
			"rejectNPCA": "{{i18n:Romance.rejectNPCA.Maddie}}",
			"rejectNPCB": "{{i18n:Romance.rejectNPCB.Maddie}}",
		},
	},
	{
		"LogName": "Philip Special Dialogue",
		"Action": "EditData",
		"Target": "Characters/Dialogue/Philip",
		"Entries": {
			"give_flowersA": "{{i18n:Romance.give.flowersA.Philip}}",
			"give_flowersB": "{{i18n:Romance.give.flowersB.Philip}}",
			"stardrop_gift": "{{i18n:Romance.stardrop.gift.Philip}}",
			"rejectNPCA": "{{i18n:Romance.rejectNPCA.Philip}}",
			"rejectNPCB": "{{i18n:Romance.rejectNPCB.Philip}}",
		},
	},
	{		
		"LogName": "Shiro Special Dialogue",
		"Action": "EditData",
		"Target": "Characters/Dialogue/Shiro",
		"Entries": {
			"give_flowersA": "{{i18n:Romance.give.flowersA.Shiro}}",
			"give_flowersB": "{{i18n:Romance.give.flowersB.Shiro}}",
			"stardrop_gift": "{{i18n:Romance.stardrop.gift.Shiro}}",
			"rejectNPCA": "{{i18n:Romance.rejectNPCA.Shiro}}",
			"rejectNPCB": "{{i18n:Romance.rejectNPCB.Shiro}}",
		},
	},
	{
		"LogName": "Ysabelle Special Dialogue",
		"Action": "EditData",
		"Target": "Characters/Dialogue/Ysabelle",
		"Entries": {
			"give_flowersA": "{{i18n:Romance.give.flowersA.Ysabelle}}",
			"give_flowersB": "{{i18n:Romance.give.flowersB.Ysabelle}}",
			"stardrop_gift": "{{i18n:Romance.stardrop.gift.Ysabelle}}",
			"rejectNPCA": "{{i18n:Romance.rejectNPCA.Ysabelle}}",
			"rejectNPCB": "{{i18n:Romance.rejectNPCB.Ysabelle}}",
		},
	},
	
	
	
//-----------------------------------
// M A R R I A G E  D I A L O G U E  
//-----------------------------------
	
	{
		"LogName": "Marriage Dialogue",
		"Action": "Load",
		"Target": "Characters/Dialogue/MarriageDialogueAlissa, Characters/Dialogue/MarriageDialogueCorine, Characters/Dialogue/MarriageDialogueFlor, Characters/Dialogue/MarriageDialogueIan, Characters/Dialogue/MarriageDialogueJeric, Characters/Dialogue/MarriageDialogueKenneth, Characters/Dialogue/MarriageDialogueMaddie, Characters/Dialogue/MarriageDialoguePhilip, Characters/Dialogue/MarriageDialogueShiro, Characters/Dialogue/MarriageDialogueYsabelle",
		"FromFile": "assets/MarriageDialogue/{{TargetWithoutPath}}.json",
	},
	
	{
		"LogName": "Movie Invitation Dialogue",
		"Action": "EditData",
		"Target": "strings/Characters",
		"Entries": {
			"MovieInvite_Spouse_Alissa": "{{i18n:Romance.MovieInvite.Spouse.Alissa}}",
			"MovieInvite_Spouse_Corine": "{{i18n:Romance.MovieInvite.Spouse.Corine}}",
			"MovieInvite_Spouse_Flor": "{{i18n:Romance.MovieInvite.Spouse.Flor}}",
			"MovieInvite_Spouse_Ian": "{{i18n:Romance.MovieInvite.Spouse.Ian}}",
			"MovieInvite_Spouse_Jeric": "{{i18n:Romance.MovieInvite.Spouse.Jeric}}",
			"MovieInvite_Spouse_Kenenth": "{{i18n:Romance.MovieInvite.Spouse.Kenenth}}",
			"MovieInvite_Spouse_Maddie": "{{i18n:Romance.MovieInvite.Spouse.Maddie}}",
			"MovieInvite_Spouse_Philip": "{{i18n:Romance.MovieInvite.Spouse.Philip}}",
			"MovieInvite_Spouse_Shiro": "{{i18n:Romance.MovieInvite.Spouse.Shiro}}",
			"MovieInvite_Spouse_Ysabelle": "{{i18n:Romance.MovieInvite.Spouse.Ysabelle}}",
		}, 
	},

	
]
}
