{
    "Changes": [
        {
		"Action": "EditData",
		"Target": "Strings/SpecialOrderStrings",
			"Entries": {
				"Lumisteria.SpecialOrders.LewisFlowers_Name": "Flower Order",
				"Lumisteria.SpecialOrders.LewisFlowers_Text": "{Text} Anyone who ships 40 {Crop:TextPlural} on time will earn a substantial reward from the Pelican Town Agricultural Fund.",
				"Lumisteria.SpecialOrders.LewisFlowers_Objective_0_Text": "Ship 40 {Crop:TextPlural}.",
				"Lumisteria.SpecialOrders.LewisFlowers_Objective_1_Text": "Harvest 40 {Crop:TextPlural}.",
				"Lumisteria.SpecialOrders.LewisFlowers_RE_Text_0": "{Crop:TextPlural} are in high demand this year.",
				"Lumisteria.SpecialOrders.LewisFlowers_RE_Text_1": "Apparently, {Crop:TextPlural} are the latest trend in Zuzu City.",
				"Lumisteria.SpecialOrders.LewisFlowers_RE_Text_2": "A brand is making research for their new perfume and need high amount of {Crop:Text}.",
				"Lumisteria.SpecialOrders.LewisFlowers_RE_Text_3": "A popular decorator is using {Crop:Text}. Now everyone in the world wants one!",
				"Lumisteria.SpecialOrders.LewisFlowers_RE_Text_4_Spring": "For the Flower Dance, Pelican Town is highly in need of {Crop:TextPlural}.",
				"Lumisteria.SpecialOrders.LewisFlowers_RE_Text_4_Summer": "Zuzu City is holding their traditional flower parade in the end of Summer. There is now a huge demand in {Crop:TextPlural}.",
				"Lumisteria.SpecialOrders.LewisFlowers_RE_Text_4_Fall": "The annual flower bouquet contest is in need of material and wants {Crop:TextPlural}.",		
				
					
				"Lumisteria.SpecialOrders.LewisHundredFlowers_Name": "Hundred Flowers Order",
				"Lumisteria.SpecialOrders.LewisHundredFlowers_Text": "{Text} Anyone who ships 100 flowers on time will earn a substantial reward from the Pelican Town Agricultural Fund.",
				"Lumisteria.SpecialOrders.LewisHundredFlowers_Objective_0_Text": "Ship 100 flowers.",
				"Lumisteria.SpecialOrders.LewisHundredFlowers_Objective_1_Text": "Harvest 100 flowers.",
				"Lumisteria.SpecialOrders.LewisHundredFlowers_RE_Text_0": "Flowers are an important theme in a new trend of decoration that is rising recently.",
				"Lumisteria.SpecialOrders.LewisHundredFlowers_RE_Text_1": "A big company wants to study flower petals for a fabric they're making.",
				"Lumisteria.SpecialOrders.LewisHundredFlowers_RE_Text_2_Spring": "Zuzu City 'Sweet Day' is incoming. People offers gifts to each other, and flowers is a popular one.",
				"Lumisteria.SpecialOrders.LewisHundredFlowers_RE_Text_2_Summer": "The 'Best Perfumer Nose' contest is happening soon and flowers are needed for one of the test.",
				"Lumisteria.SpecialOrders.LewisHundredFlowers_RE_Text_2_Fall": "As winter comes closer, people want flowers around them to bring joy and color in their life.",		
				
							
				}		
        },
        {
		"Action": "EditData",
		"Target": "Strings/SpecialOrderStrings",
			"Entries": {
				"Lumisteria.SpecialOrders.LewisFlowersLumisteriaFlowers_Name": "Flower Order",
				"Lumisteria.SpecialOrders.LewisFlowersLumisteriaFlowers_Text": "{Text} Anyone who ships 40 {Crop:TextPlural} on time will earn a substantial reward from the Pelican Town Agricultural Fund.",
				"Lumisteria.SpecialOrders.LewisFlowersLumisteriaFlowers_Objective_0_Text": "Ship 40 {Crop:TextPlural}.",
				"Lumisteria.SpecialOrders.LewisFlowersLumisteriaFlowers_Objective_1_Text": "Harvest 40 {Crop:TextPlural}.",
				"Lumisteria.SpecialOrders.LewisFlowersLumisteriaFlowers_RE_Text_0": "{Crop:TextPlural} are in high demand this year.",
				"Lumisteria.SpecialOrders.LewisFlowersLumisteriaFlowers_RE_Text_1": "Apparently, {Crop:TextPlural} are the latest trend in Zuzu City.",
				"Lumisteria.SpecialOrders.LewisFlowersLumisteriaFlowers_RE_Text_2": "A brand is making research for their new perfume and need high amount of {Crop:Text}.",
				"Lumisteria.SpecialOrders.LewisFlowersLumisteriaFlowers_RE_Text_3": "With the trend making seasonal flowers pppular, everyone wants some {Crop:TextPlural}!",
				"Lumisteria.SpecialOrders.LewisFlowersLumisteriaFlowers_RE_Text_4_Spring": "For the Flower Dance, Pelican Town is highly in need of {Crop:TextPlural}.",
				"Lumisteria.SpecialOrders.LewisFlowersLumisteriaFlowers_RE_Text_4_Summer": "Zuzu city is holding their traditional flower parade in the end of Summer. There is now a huge demand in {Crop:TextPlural}.",
				"Lumisteria.SpecialOrders.LewisFlowersLumisteriaFlowers_RE_Text_4_Fall": "The annual flower bouquet contest is in need of material and wants {Crop:TextPlural}.",		
				"Lumisteria.SpecialOrders.LewisFlowersLumisteriaFlowers_RE_Text_4_Winter": "The 'Flowers of Winter' festival in Chestervale is in need of {Crop:TextPlural}.",										
				},
				"When": {
					"HasMod": "lumisteria.flowersandcrops",
				},		
        }
    ]
}