{
  "Changes": [
    {
      "Action": "EditData",
      "Target": "Data/SpecialOrders",
      "Entries": {
        "Lumisteria.SpecialOrders.HarveyVeggieProgram": {
          "Name": "[Lumisteria.SpecialOrders.HarveyVeggieProgram_Name]",
          "Requester": "Harvey",
          "Duration": "Month",
          "Repeatable": "True",
          "RequiredTags": "!season_winter, mail_MSB_Lewis",
          "OrderType": "QF:RsvSpecialOrders",
          "SpecialRule": "",
          "Text": "[Lumisteria.SpecialOrders.HarveyVeggieProgram_Text]",
          "ItemToRemoveOnEnd": null,
          "MailToRemoveOnEnd": null,
          "RandomizedElements": [
            {
              "Name": "Text",
              "Values": [
                {
                  "RequiredTags": "",
                  "Value": "[Lumisteria.SpecialOrders.HarveyVeggieProgram_RE_Text_0]"
                },
                {
                  "RequiredTags": "",
                  "Value": "[Lumisteria.SpecialOrders.HarveyVeggieProgram_RE_Text_1]"
                }
              ]
            }
          ],
          "Objectives": [
            {
              "Type": "Collect",
              "Text": "[Lumisteria.SpecialOrders.HarveyVeggieProgram_Objective_0_Text]",
              "RequiredCount": "260",
              "Data": {
                "AcceptedContextTags": "category_vegetable"
              }
            },
            {
              "Type": "Ship",
              "Text": "[Lumisteria.SpecialOrders.HarveyVeggieProgram_Objective_1_Text]",
              "RequiredCount": "260",
              "Data": {
                "AcceptedContextTags": "category_vegetable"
              }
            }
          ],
          "Rewards": [
            {
              "Type": "Money",
              "Data": {
                "Amount": "5000"
              }
            },
            {
              "Type": "Mail",
              "Data": {
                "MailReceived": "Lumisteria.SpecialOrders.HarveyVeggieProgramMail",
                "NoLetter": "false"
              }
            }
          ]
        }
      }
    },
	
	
    {
      "Action": "EditData",
      "Target": "Data/SpecialOrders",
      "Entries": {
	  //Gus Hot Sauce
        "Lumisteria.SpecialOrders.GusHotPeppers": {
          "Name": "[Lumisteria.SpecialOrders.GusHotPeppers_Name]",
          "Requester": "Gus",
          "Duration": "TwoWeeks",
          "Repeatable": "True",
          "RequiredTags": "season_fall, mail_MSB_Lewis",
          "OrderType": "QF:RsvSpecialOrders",
          "SpecialRule": "",
          "Text": "[Lumisteria.SpecialOrders.GusHotPeppers_Text]",
          "ItemToRemoveOnEnd": null,
          "MailToRemoveOnEnd": null,
          "RandomizedElements": [
            {
              "Name": "Crop",
              "Values": [
                {
                  "RequiredTags": "",
                  "Value": "PICK_ITEM Jalapeno, Tabasco Pepper"
                }
              ]
            },
            {
              "Name": "Text",
              "Values": [
                {
                  "RequiredTags": "",
                  "Value": "[Lumisteria.SpecialOrders.GusHotPeppers_RE_Text_0]"
                },
                {
                  "RequiredTags": "",
                  "Value": "[Lumisteria.SpecialOrders.GusHotPeppers_RE_Text_1]"
                }
              ]
            }
          ],
          "Objectives": [
            {
              "Type": "Collect",
              "Text": "[Lumisteria.SpecialOrders.GusHotPeppers_Objective_0_Text]",
              "RequiredCount": "15",
              "Data": {
                "AcceptedContextTags": "{Crop:Tags}"
              }
            },
            {
              "Type": "Ship",
              "Text": "[Lumisteria.SpecialOrders.GusHotPeppers_Objective_1_Text]",
              "RequiredCount": "15",
              "Data": {
                "AcceptedContextTags": "{Crop:Tags}"
              }
            },
            {
              "Type": "Collect",
              "Text": "[Lumisteria.SpecialOrders.GusHotPeppers_Objective_2_Text]",
              "RequiredCount": "15",
              "Data": {
                "AcceptedContextTags": "item_habanero"
              }
            },
            {
              "Type": "Ship",
              "Text": "[Lumisteria.SpecialOrders.GusHotPeppers_Objective_3_Text]",
              "RequiredCount": "15",
              "Data": {
                "AcceptedContextTags": "item_habanero"
              }
            }
          ],
          "Rewards": [
            {
              "Type": "Money",
              "Data": {
                "Amount": "1200"
              }
            },
            {
              "Type": "Mail",
              "Data": {
                "MailReceived": "Lumisteria.SpecialOrders.GusHotPeppersMail",
                "NoLetter": "false"
              }
            }
          ]
        }
      },
      "When": {
		   "Year |contains=1": "false",
		   "Year |contains=2": "false",
		   "HasMod": "ppja.fruitsandveggies"
      }
    }
  ]
}