{
    "Changes": [
        {
		"Action": "EditData",
		"Target": "Data/SpecialOrders",
			"Entries": {
					
				"Lumisteria.SpecialOrders.DemetriusCrabPotStudy": {
					"Name": "[Lumisteria.SpecialOrders.DemetriusCrabPotStudy_Name]",
					"Requester": "Demetrius",
					"Duration": "Week",
					"Repeatable": "True",
					"RequiredTags": "!dropbox_RobinWood, mail_DemetriusReward",
					"OrderType": "QF:RsvSpecialOrders",
					"SpecialRule": "",
					"Text": "[Lumisteria.SpecialOrders.DemetriusCrabPotStudy_Text]",
					"ItemToRemoveOnEnd": null,
					"MailToRemoveOnEnd": null,
					"RandomizedElements": [
					  {
						"Name": "Text",
						"Values": [
						  {
							"RequiredTags": "",
							"Value": "[Lumisteria.SpecialOrders.DemetriusCrabPotStudy_RE_Text_0]"
						  },
						  {
							"RequiredTags": "",
							"Value": "[Lumisteria.SpecialOrders.DemetriusCrabPotStudy_RE_Text_1]"
						  },
						]
					  }
					],
					"Objectives": [
					  {
						"Type": "Collect",
						"Text": "[Lumisteria.SpecialOrders.DemetriusCrabPotStudy_Objective_0_Text]",
						"RequiredCount": "25",
						"Data": {
							"AcceptedContextTags": "fish_crab_pot"
						}
					  },
					  {
						"Type": "Donate",
						"Text": "[Lumisteria.SpecialOrders.DemetriusCrabPotStudy_Objective_1_Text]",
						"RequiredCount": "25",
						"Data": {
						  "DropBox": "RobinWood",
						  "DropBoxGameLocation": "ScienceHouse",
						  "DropBoxIndicatorLocation": "10.5 18",
						  "AcceptedContextTags": "fish_crab_pot"
						}
					  }
					],
					"Rewards": [
					  {
						"Type": "Money",
						"Data": {
						  "Amount": "1600",
						}
					  },
					  {
						"Type": "Mail",
						"Data": {
						  "MailReceived": "Lumisteria.SpecialOrders.DemetriusCrabPotStudyMail",
						  "NoLetter": "false"
						}
					  }
					]
					},
					
				},
	  
          }
    ]
}