{
    "Changes": [
        {
		"Action": "EditData",
		"Target": "Strings/SpecialOrderStrings",
			"Entries": {
			
				"Lumisteria.SpecialOrders.HarveyVeggieProgram_Name": "Veggie Program Order",
				"Lumisteria.SpecialOrders.HarveyVeggieProgram_Text": "{Text} Anyone who grow and ship 260 vegetables will get a reward from the Town Agricultural and the Town Health Funds.",
				"Lumisteria.SpecialOrders.HarveyVeggieProgram_Objective_0_Text": "Grow 260 vegetables.",
				"Lumisteria.SpecialOrders.HarveyVeggieProgram_Objective_1_Text": "Ship 260 vegetables",
				"Lumisteria.SpecialOrders.HarveyVeggieProgram_RE_Text_0": "Providing a diversity of fresh vegetable to the local market can only help improving health.",
				"Lumisteria.SpecialOrders.HarveyVeggieProgram_RE_Text_1": "People are more likely to cook vegetable if they see them around.",
				

				"Lumisteria.SpecialOrders.GusHotPeppers_Name": "Hot Peppers Order",
				"Lumisteria.SpecialOrders.GusHotPeppers_Text": "{Text} Anyone who can grow some and ship them will get a reward.",
				"Lumisteria.SpecialOrders.GusHotPeppers_Objective_0_Text": "Grow 15 {Crop:TextPlural}.",
				"Lumisteria.SpecialOrders.GusHotPeppers_Objective_1_Text": "Ship 15 {Crop:TextPlural}.",
				"Lumisteria.SpecialOrders.GusHotPeppers_Objective_2_Text": "Grow 15 Habaneros.",
				"Lumisteria.SpecialOrders.GusHotPeppers_Objective_3_Text": "Ship 15 Habaneros.",
				"Lumisteria.SpecialOrders.GusHotPeppers_RE_Text_0": "My ingredients are running low and i need fresh hot peppers. Not any variety will do, only the one listed.",
				"Lumisteria.SpecialOrders.GusHotPeppers_RE_Text_1": "One kind of hot sauce isn't enough, and to make more, i'm in need of specific varieties of peppers.",
				
				
				
											
				}		
          }
    ]
}