{
    "Changes": [
        {
		"Action": "EditData",
		"Target": "Strings/SpecialOrderStrings",
			"Entries": {
				

				"Lumisteria.SpecialOrders.DemetriusCrabPotStudy_Name": "Crab Pot Study Order",
				"Lumisteria.SpecialOrders.DemetriusCrabPotStudy_Text": "{Text} Anyone who collect 25 fishes from crabpot and deliver them to Robin's stockpile will get a reward.",
				"Lumisteria.SpecialOrders.DemetriusCrabPotStudy_Objective_0_Text": "Collect 25 fishes from crabpot.",
				"Lumisteria.SpecialOrders.DemetriusCrabPotStudy_Objective_1_Text": "Add 25 fishes from crabpot to the stockpile in Robin's house",
				"Lumisteria.SpecialOrders.DemetriusCrabPotStudy_RE_Text_0": "I'm collecting data and need samples.",
				"Lumisteria.SpecialOrders.DemetriusCrabPotStudy_RE_Text_1": "I need some fresh specimens for a study.",
				
				
				
											
				}		
          }
    ]
}