{
"Changes": [

	{
	//NO SVE
   "Action": "EditData",
   "Target": "Data/Festivals/spring13",
   "When": { "HasMod: |contains=FlashShifter.StardewValleyExpandedCP": false },
   "TextOperations": [
   
   //SetUp
		{
         "Operation": "Append",
         "Target": ["Entries", "Set-Up_additionalCharacters"],
         "Value": "Aguar 38 84 up/Alissa 29 54 left/Bert 27 53 down/Corine 34 79 left/Ezekiel 36 71 left/Flor 26 57 down/Freddie 33 72 up/Ian 16 52 down/Jeric 32 76 down/Jio 52 59 left/Keahi 12 59 left/Kenneth 20 74 right/Kiwi 51 62 down/Lenny 24 69 right/Lola 32 72 up/Maddie 31 78 right/Olga 26 53 down/Philip 18 78 right/Pika 30 57 down/Richard 34 74 up/Shiro 19 79 up/Trinnie 10 59 right/Ysabelle 32 79 right/Yuuma 20 79 up",
         "Delimiter": "/"
		},

   //MainEevent
		{
         "Operation": "Append",
         "Target": ["Entries", "MainEvent_additionalCharacters"],
         "Value": "Aguar 38 84 up/Alissa 29 55 down/Bert 27 54 down/Corine 34 79 left/Ezekiel 36 71 left/Flor 26 57 down/Freddie 33 72 up/Ian 16 52 down/Jeric 32 76 down/Jio 52 59 left/Keahi 12 59 right/Kenneth 20 74 right/Kiwi 51 62 down/Lenny 24 69 right/Lola 32 72 up/Maddie 31 78 right/Olga 26 54 down/Philip 18 78 right/Pika 30 57 down/Richard 34 74 up/Shiro 19 79 up/Trinnie 12 60 right/Ysabelle 32 79 down/Yuuma 20 79 up",
         "Delimiter": "/"
		},

	]	
	},
	
	{
	//WITH SVE
   "Action": "EditData",
   "Target": "Data/Festivals/spring13",
   "When": { "HasMod: |contains=FlashShifter.StardewValleyExpandedCP": true },
   "TextOperations": [
   
   //SetUp
		{
         "Operation": "Append",
         "Target": ["Entries", "Set-Up_additionalCharacters"],
         "Value": "Aguar 38 84 up/Alissa 29 55 left/Bert 27 54 down/Corine 34 79 left/Ezekiel 36 71 left ",
         "Delimiter": "/"
		},
		{
         "Operation": "Append",
         "Target": ["Entries", "Set-Up_additionalCharacters"],
         "Value": "",
         "Delimiter": "/"
		},
		{
         "Operation": "Append",
         "Target": ["Entries", "Set-Up_additionalCharacters"],
         "Value": "",
         "Delimiter": "/"
		},
		{
         "Operation": "Append",
         "Target": ["Entries", "Set-Up_additionalCharacters"],
         "Value": "",
         "Delimiter": "/"
		},
		{
         "Operation": "Append",
         "Target": ["Entries", "Set-Up_additionalCharacters"],
         "Value": "",
         "Delimiter": "/"
		},
		{
         "Operation": "Append",
         "Target": ["Entries", "Set-Up_additionalCharacters"],
         "Value": "Flor 26 57 down",
         "Delimiter": "/"
		},
		{
         "Operation": "Append",
         "Target": ["Entries", "Set-Up_additionalCharacters"],
         "Value": "Freddie 33 72 up",
         "Delimiter": "/"
		},
		{
         "Operation": "Append",
         "Target": ["Entries", "Set-Up_additionalCharacters"],
         "Value": "Ian 16 52 down",
         "Delimiter": "/"
		},
		{
         "Operation": "Append",
         "Target": ["Entries", "Set-Up_additionalCharacters"],
         "Value": "Jeric 32 76 down",
         "Delimiter": "/"
		},
		{
         "Operation": "Append",
         "Target": ["Entries", "Set-Up_additionalCharacters"],
         "Value": "Jio 94 45 down",
         "Delimiter": "/"
		},
		{
         "Operation": "Append",
         "Target": ["Entries", "Set-Up_additionalCharacters"],
         "Value": "Keahi 12 59 left",
         "Delimiter": "/"
		},
		{
         "Operation": "Append",
         "Target": ["Entries", "Set-Up_additionalCharacters"],
         "Value": "Kenneth 20 74 right",
         "Delimiter": "/"
		},
		{
         "Operation": "Append",
         "Target": ["Entries", "Set-Up_additionalCharacters"],
         "Value": "Kiwi 95 45 down",
         "Delimiter": "/"
		},
		{
         "Operation": "Append",
         "Target": ["Entries", "Set-Up_additionalCharacters"],
         "Value": "Lenny 24 69 right",
         "Delimiter": "/"
		},
		{
         "Operation": "Append",
         "Target": ["Entries", "Set-Up_additionalCharacters"],
         "Value": "Lola 32 72 up",
         "Delimiter": "/"
		},
		{
         "Operation": "Append",
         "Target": ["Entries", "Set-Up_additionalCharacters"],
         "Value": "Maddie 31 78 right",
         "Delimiter": "/"
		},
		{
         "Operation": "Append",
         "Target": ["Entries", "Set-Up_additionalCharacters"],
         "Value": "Olga 26 54 down",
         "Delimiter": "/"
		},
		{
         "Operation": "Append",
         "Target": ["Entries", "Set-Up_additionalCharacters"],
         "Value": "Philip 18 78 right",
         "Delimiter": "/"
		},
		{
         "Operation": "Append",
         "Target": ["Entries", "Set-Up_additionalCharacters"],
         "Value": "Pika 30 57 down",
         "Delimiter": "/"
		},
		{
         "Operation": "Append",
         "Target": ["Entries", "Set-Up_additionalCharacters"],
         "Value": "Richard 34 74 up",
         "Delimiter": "/"
		},
		{
         "Operation": "Append",
         "Target": ["Entries", "Set-Up_additionalCharacters"],
         "Value": "Shiro 19 79 up",
         "Delimiter": "/"
		},
		{
         "Operation": "Append",
         "Target": ["Entries", "Set-Up_additionalCharacters"],
         "Value": "Trinnie 10 59 right",
         "Delimiter": "/"
		},
		{
         "Operation": "Append",
         "Target": ["Entries", "Set-Up_additionalCharacters"],
         "Value": "Ysabelle 32 79 right",
         "Delimiter": "/"
		},
		{
         "Operation": "Append",
         "Target": ["Entries", "Set-Up_additionalCharacters"],
         "Value": "Yuuma 20 79 up",
         "Delimiter": "/"
		},

	
   //MainEevent
		{
         "Operation": "Append",
         "Target": ["Entries", "MainEvent_additionalCharacters"],
         "Value": "Aguar 38 84 up",
         "Delimiter": "/"
		},
		{
         "Operation": "Append",
         "Target": ["Entries", "MainEvent_additionalCharacters"],
         "Value": "Alissa 29 55 down",
         "Delimiter": "/"
		},
		{
         "Operation": "Append",
         "Target": ["Entries", "MainEvent_additionalCharacters"],
         "Value": "Bert 27 54 down",
         "Delimiter": "/"
		},
		{
         "Operation": "Append",
         "Target": ["Entries", "MainEvent_additionalCharacters"],
         "Value": "Corine 34 79 left",
         "Delimiter": "/"
		},
		{
         "Operation": "Append",
         "Target": ["Entries", "MainEvent_additionalCharacters"],
         "Value": "Ezekiel 36 71 left",
         "Delimiter": "/"
		},
		{
         "Operation": "Append",
         "Target": ["Entries", "MainEvent_additionalCharacters"],
         "Value": "Flor 26 57 down",
         "Delimiter": "/"
		},
		{
         "Operation": "Append",
         "Target": ["Entries", "MainEvent_additionalCharacters"],
         "Value": "Freddie 33 72 up",
         "Delimiter": "/"
		},
		{
         "Operation": "Append",
         "Target": ["Entries", "MainEvent_additionalCharacters"],
         "Value": "Ian 16 52 down",
         "Delimiter": "/"
		},
		{
         "Operation": "Append",
         "Target": ["Entries", "MainEvent_additionalCharacters"],
         "Value": "Jeric 32 76 down",
         "Delimiter": "/"
		},
		{
         "Operation": "Append",
         "Target": ["Entries", "MainEvent_additionalCharacters"],
         "Value": "Jio 94 45 down",
         "Delimiter": "/"
		},
		{
         "Operation": "Append",
         "Target": ["Entries", "MainEvent_additionalCharacters"],
         "Value": "Keahi 12 59 right",
         "Delimiter": "/"
		},
		{
         "Operation": "Append",
         "Target": ["Entries", "MainEvent_additionalCharacters"],
         "Value": "Kenneth 20 74 right",
         "Delimiter": "/"
		},
		{
         "Operation": "Append",
         "Target": ["Entries", "MainEvent_additionalCharacters"],
         "Value": "Kiwi 95 45 down",
         "Delimiter": "/"
		},
		{
         "Operation": "Append",
         "Target": ["Entries", "MainEvent_additionalCharacters"],
         "Value": "Lenny 24 69 right",
         "Delimiter": "/"
		},
		{
         "Operation": "Append",
         "Target": ["Entries", "MainEvent_additionalCharacters"],
         "Value": "Lola 32 72 up",
         "Delimiter": "/"
		},
		{
         "Operation": "Append",
         "Target": ["Entries", "MainEvent_additionalCharacters"],
         "Value": "Maddie 31 78 right",
         "Delimiter": "/"
		},
		{
         "Operation": "Append",
         "Target": ["Entries", "MainEvent_additionalCharacters"],
         "Value": "Olga 26 54 down",
         "Delimiter": "/"
		},
		{
         "Operation": "Append",
         "Target": ["Entries", "MainEvent_additionalCharacters"],
         "Value": "Philip 18 78 right",
         "Delimiter": "/"
		},
		{
         "Operation": "Append",
         "Target": ["Entries", "MainEvent_additionalCharacters"],
         "Value": "Pika 30 57 down",
         "Delimiter": "/"
		},
		{
         "Operation": "Append",
         "Target": ["Entries", "MainEvent_additionalCharacters"],
         "Value": "Richard 34 74 up",
         "Delimiter": "/"
		},
		{
         "Operation": "Append",
         "Target": ["Entries", "MainEvent_additionalCharacters"],
         "Value": "Shiro 19 79 up",
         "Delimiter": "/"
		},
		{
         "Operation": "Append",
         "Target": ["Entries", "MainEvent_additionalCharacters"],
         "Value": "Trinnie 12 60 right",
         "Delimiter": "/"
		},
		{
         "Operation": "Append",
         "Target": ["Entries", "MainEvent_additionalCharacters"],
         "Value": "Ysabelle 32 79 down",
         "Delimiter": "/"
		},
		{
         "Operation": "Append",
         "Target": ["Entries", "MainEvent_additionalCharacters"],
         "Value": "Yuuma 20 79 up",
         "Delimiter": "/"
		},
	]	
	},
	
]
}
