{
"Changes": [

	{
   "Action": "EditData",
   "Target": "Data/Festivals/winter8",
   "TextOperations": [
   
   //SetUp
		{
         "Operation": "Append",
         "Target": ["Entries", "Set-Up_additionalCharacters"],
         "Value": "Aguar 94 37 left/Alissa 53 53 up/Bert 63 26 left/Corine 62 21 right/Ezekiel 65 22 left/Flor 58 35 right/Freddie 80 33 left/Ian 83 30 left/Jeric 53 51 down/Keahi 91 33 up/Kenneth 78 44 left/Lenny 69 42 up/Lola 80 34 left/Maddie 64 21 left/Olga 61 26 right/Philip 77 24 down/Pika 63 53 up/Richard 62 52 right/Shiro 88 26 left/Trinnie 89 34 left/Ysabelle 63 20 down/Yuuma 87 30 right",
         "Delimiter": "/"
		},
	
   //MainEevent
		{
         "Operation": "Append",
         "Target": ["Entries", "MainEvent_additionalCharacters"],
         "Value": "Aguar 94 37 left/Alissa 53 53 up/Bert 63 26 left/Corine 62 21 right/Ezekiel 65 22 left/Flor 58 35 right/Freddie 80 33 left/Ian 83 31 left/Jeric 53 51 down/Keahi 91 33 up/Kenneth 78 44 left/Lenny 69 42 up/Lola 80 34 left/Maddie 64 21 left/Olga 61 26 right/Philip 77 24 down/Pika 63 53 up/Richard 62 52 right/Shiro 88 26 left/Trinnie 89 34 left/Ysabelle 63 20 down/Yuuma 87 30 right",
         "Delimiter": "/"
		},

	]	
	},
	
]
}
