{
"Changes": [

	{
   "Action": "EditData",
   "Target": "Data/Festivals/fall16",
   "When": { "HasMod: |contains=FlashShifter.StardewValleyExpandedCP": false },
   "TextOperations": [
   
   //SetUp
		{
         "Operation": "Append",
         "Target": ["Entries", "Set-Up_additionalCharacters"],
         "Value": "Aguar 50 58 left/Alissa 33 66 right/Bert 14 53 up/Corine 18 65 right/Corine 18 65 right/Ezekiel 24 56 right/Flor 27 76 left/Freddie 21 35 down/Ian 17 73 down/Jeric 57 79 left/Jio 34 4 down/Keahi 34 77 left/Kenneth 24 57 right/Kiwi 33 4 down/Lenny 27 53 down/Lola 22 35 down/Maddie 27 38 up/Olga 27 60 right/Philip 24 65 up/Pika 32 34 up/Pika 32 34 up/Richard 23 53 down/Shiro 23 65 up/Trinnie 15 53 up/Ysabelle 19 64 down/Yuuma 25 71 left",
         "Delimiter": "/"
		},

	]	
	},
	
	{
   "Action": "EditData",
   "Target": "Data/Festivals/fall16",
   "When": { "HasMod: |contains=FlashShifter.StardewValleyExpandedCP": true },
   "TextOperations": [
   
   //SetUp
		{
         "Operation": "Append",
         "Target": ["Entries", "Set-Up_additionalCharacters"],
         "Value": "Aguar 47 101 down/Alissa 33 66 right/Bert 14 53 up/Corine 18 65 right/Ezekiel 24 56 right/Flor 27 76 left/Freddie 20 27 down/Ian 17 73 down/Jeric 11 62 right/Jio 34 4 down/Keahi 36 78 up/Kenneth 22 49 up/Kiwi 33 4 down/Lenny 27 53 down/Lola 21 27 down/Maddie 24 29 up/Olga 27 60 right/Philip 24 65 up/Pika 25 23 up/Richard 23 53 down/Shiro 23 65 up/Trinnie 15 53 up/Ysabelle 19 64 down/Yuuma 34 77 right",
         "Delimiter": "/"
		},

	]	
	},
	
]
}
