{
	"Format": "1.21.0",
	
	/*********
	** Configuration
	*********/
	"ConfigSchema": {
		"RepeatCableCarCutscene": {
			"AllowValues": "true, false",
			"Default": "true",
			"Description": "{{i18n:Config1}}"
		},
		
		"EnableOtherNPCsInCableCar": {
			"AllowValues": "true, false",
			"Default": "true",
			"Description": "{{i18n:Config2}}"
		},
		
		"EnableVillageMusic": {
			"AllowValues": "true, false",
			"Default": "true",
			"Description": "{{i18n:Config3}}"
		},
		
		"AguarPortraitStyle": {
			"AllowValues": "Default, Legacy, Avislone",
			"Default": "Default",
			"Description": "{{i18n:Config4}}"
		},
		
		"AlissaPortraitStyle" :{
			"AllowValues": "Default, Legacy, Avislone",
			"Default": "Default",
			"Description": "{{i18n:Config5}}"
		},
		
		"BertPortraitStyle": { 
			"AllowValues": "Default, Legacy, Avislone",
			"Default": "Default",
			"Description": "{{i18n:Config6}}"
		},
		
		"CorinePortraitStyle": {
			"AllowValues": "Default, Legacy, Avislone",
			"Default": "Default",
			"Description": "{{i18n:Config7}}"
		},
		
		"EzekielPortraitStyle": {
			"AllowValues": "Default, Legacy, Avislone",
			"Default": "Default",
			"Description": "{{i18n:Config8}}"
		},
		
		"FlorPortraitStyle": {
			"AllowValues": "Default, Legacy, Avislone",
			"Default": "Default",
			"Description": "{{i18n:Config9}}"
		},
		
		"FreddiePortraitStyle": {
			"AllowValues": "Default, Legacy, Avislone",
			"Default": "Default",
			"Description": "{{i18n:Config10}}"
		},
		
		"IanPortraitStyle": {
			"AllowValues": "Default, Legacy, Avislone, BodyArtBrandon",
			"Default": "Default",
			"Description": "{{i18n:Config11}}"
		},
		
		"JericPortraitStyle": {
			"AllowValues": "Default, Legacy, Avislone",
			"Default": "Default",
			"Description": "{{i18n:Config12}}"
		},
		
		"JioPortraitStyle": {
			"AllowValues": "Default, Legacy, Avislone",
			"Default": "Default",
			"Description": "{{i18n:Config13}}"
		},
		
		"KeahiPortraitStyle": {
			"AllowValues": "Default, Legacy, Avislone",
			"Default": "Default",
			"Description": "{{i18n:Config14}}"
		},
		
		"KennethPortraitStyle": {
			"AllowValues": "Default, Legacy, Avislone, LegacyBeard",
			"Default": "Default",
			"Description": "{{i18n:Config15}}"
		},
		
		"KiwiPortraitStyle": {
			"AllowValues": "Default, Legacy, Avislone",
			"Default": "Default",
			"Description": "{{i18n:Config16}}"
		},
		
		"LennyPortraitStyle": {
			"AllowValues": "Default, Legacy, Avislone",
			"Default": "Default",
			"Description": "{{i18n:Config17}}"
		},
		
		"LolaPortraitStyle": {
			"AllowValues": "Default, Legacy, Avislone",
			"Default": "Default",
			"Description": "{{i18n:Config18}}"
		},
		
		"MaddiePortraitStyle": {
			"AllowValues": "Default, Legacy, Avislone, LegacyGlasses",
			"Default": "Default",
			"Description": "{{i18n:Config19}}"
		},
		
		"OlgaPortraitStyle": {
			"AllowValues": "Default, Legacy, Avislone",
			"Default": "Default",
			"Description": "{{i18n:Config20}}"
		},
		
		"PhilipPortraitStyle": {
			"AllowValues": "Default, Legacy, Avislone",
			"Default": "Default",
			"Description": "{{i18n:Config21}}"
		},
		
		"PikaPortraitStyle": {
			"AllowValues": "Default, Legacy, Avislone",
			"Default": "Default",
			"Description": "{{i18n:Config22}}"
		},
		
		"RichardPortraitStyle": {
			"AllowValues": "Default, Legacy, Avislone",
			"Default": "Default",
			"Description": "{{i18n:Config23}}"
		},
		
		"ShiroPortraitStyle": {
			"AllowValues": "Default, Legacy, Avislone",
			"Default": "Default",
			"Description": "{{i18n:Config24}}"
		},
		
		"TrinniePortraitStyle": {
			"AllowValues": "Default, Legacy, Avislone",
			"Default": "Default",
			"Description": "{{i18n:Config25}}"
		},
		
		"YsabellePortraitStyle": {
			"AllowValues": "Default, Legacy, Avislone",
			"Default": "Default",
			"Description": "{{i18n:Config26}}"
		},
		
		"YuumaPortraitStyle": {
			"AllowValues": "Default, Legacy, Avislone",
			"Default": "Default",
			"Description": "{{i18n:Config27}}"
		},
		"HelenPortraitStyle": {
			"AllowValues": "Default, Legacy, Avislone",
			"Default": "Default",
			"Description": "{{i18n:Config28}}"
		},	
		"UndreyaPortraitStyle": {
			"AllowValues": "Default, Legacy, Avislone",
			"Default": "Default",
			"Description": "{{i18n:Config29}}"
		},							

	},

	/*********
	** Dynamic tokens
	*********/
	"DynamicTokens": [
		/*********
		** List of valid NPCs
		*********/
		// Ridgeside
		{
			"Name": "PossibleCableCarNPCs",
			"Value": "Aguar, Alissa, Bert, Corine, Ezekiel, Flor, Freddie, Ian, Jeric, Keahi, Kenneth, Lenny, Lola, Maddie, Olga, Philip, Pika, Richard, Shiro, Trinnie, Ysabelle, Yuuma"
		},

		// Vanilla
		{
			"Name": "PossibleCableCarNPCs",
			"Value": "{{PossibleCableCarNPCs}}, Alex, Elliott, Harvey, Sam, Sebastian, Shane, Abigail, Emily, Haley, Leah, Maru, Penny, Caroline, Clint, Demetrius, Evelyn, George, Gus, Jas, Jodi, Kenneth, Lewis, Linus, Marnie, Pam, Pierre, Robin, Vincent, Willy",
			"When": {
				"EnableOtherNPCsInCableCar": true
			}
		},

		// Lunna - Astray in Stardew Valley
		{
			"Name": "PossibleCableCarNPCs",
			"Value": "{{PossibleCableCarNPCs}}, Lunna, Raphael, Dianna, Bianka",
			"When": {
				"EnableOtherNPCsInCableCar": true,
				"HasMod |contains=Rafseazz.LunnaCP": true,
				"HasSeenEvent": "75160015"
			}
		},

		// East Scarpe
		{
			"Name": "PossibleCableCarNPCs",
			"Value": "{{PossibleCableCarNPCs}}, Aideen, Lexi, Jacob, Eloise",
			"When": {
				"EnableOtherNPCsInCableCar": true,
				"HasMod |contains=Lemurkat.JacobEloise.CP": true
			}
		},

		// Stardew Valley Expanded
		{
			"Name": "PossibleCableCarNPCs",
			"Value": "{{PossibleCableCarNPCs}}, Sophia, Olivia, Andy, Victor, Susan, Morris, Marlon, Claire, Martin",
			"When": {
				"EnableOtherNPCsInCableCar": true,
				"HasMod |contains=FlashShifter.StardewValleyExpandedCP": true
			}
		},

		/*********
		** Choose random cable car NPC
		*********/
		{
			"Name": "RANDOMRSVNPC",
			"Value": "{{Random: {{PossibleCableCarNPCs}} }}"
		},


		/*********
		** Spouse check?
		*********/		
		//{
		//	"Name": "SPOUSECHECK",
		//	"Value": "Alex, Elliot, Harvey, Sam, Sebastian, Shane, Abigail, Emily, Haley, Leah, Maru, Penny, Alissa, Corine, Flor, Maddie, Ysabelle, Ian, Jeric, Kenneth, Philip, Shiro",
		//},
		

		/*********
		** Ember of resolutions tokens
		*********/
		//Alone
		{
			"Name": "BONFIREEVENT",
			"Value": "/warp farmer 40 49/faceDirection farmer 0/fade/viewport 39 46/pause 2000/move farmer 0 -5 0/pause 1000/playSound backpackIN/addObject 40 42 294/pause 2000/message \"{{i18n:EoR.19}}\"/pause 3000/emote farmer 32/pause 1000/globalFade/viewport -1000 -1000/warp farmer 40 48/faceDirection farmer 0/",
		},

		//With Spouse
		//{
		//	"Name": "BONFIREEVENT",
		//	"Value": "/warp farmer 40 49/warp {{spouse}} 39 49/faceDirection farmer 0/faceDirection {{spouse}} 0/fade/viewport 39 46/pause 2000/move {{spouse}} 0 -5 2/move farmer 0 -5 3/faceDirection {{spouse}} 1/pause 1000/faceDirection farmer 0/faceDirection {{spouse}} 0/pause 1000/playSound backpackIN/addObject 39 42 294/pause 1000/playSound backpackIN/addObject 40 42 294/pause 1000/message \"..And my new year resolutions are..\"/pause 3000/faceDirection {{spouse}} 1/pause 2000/faceDirection farmer 3/speak {{spouse}} \"I'm looking forward for another year with you..$l\"/emote {{spouse}} 20/emote farmer 20/pause 3000/globalFade/viewport -1000 -1000/warp farmer 40 48/faceDirection farmer 0/warp {{spouse}} 39 48/faceDirection {{spouse}} 0/",
		//	"When": {
		//		"HasValue:{{spouse}}": true,
		//		"Spouse": "Alex, Elliot, Harvey, Sam, Sebastian, Shane, Abigail, Emily, Haley, Leah, Maru, Penny, Alissa, Corine, Flor, Maddie, Ysabelle, Ian, Jeric, Kenneth, Philip, Shiro"
		//	}
		//},
		

		/*********
		** Ridgeside gathering tokens
		*********/
		//Sam Band Only
		{
			"Name": "RSVGATHER",
			"Value": "/warp Sam 85 40/showFrame Sam 20/showFrame Abigail 49/showFrame Sebastian 42/fade/viewport 85 43/pause 800/speak Sam \"{{i18n:RSVG.14}}\"/",
			"When": {
				"HasSeenEvent |contains=75160120": false
			}
		},
		{
			"Name": "RSVGATHERDANCE",
			"Value": "/animate Abigail false true 118 49 34 35 48/animate Sam false true 236 20 21/animate Sebastian false true 118 42 43 52 53/",
			"When": {
				"HasSeenEvent |contains=75160120": false
			}
		},

		//Sam Band and Alissa
		{
			"Name": "RSVGATHER",
			"Value": "/warp Alissa 85 40/faceDirection Alissa 2/showFrame Sam 20/showFrame Abigail 49/showFrame Sebastian 42/fade/viewport 85 43/pause 800/speak Sam \"{{i18n:RSVG.14}}\"/",
			"When": {
				"HasSeenEvent |contains=75160120": true
			}
		},
		{
			"Name": "RSVGATHERDANCE",
			"Value": "/animate Alissa false true 400 19 19 19 27 27 19/animate Abigail false true 118 49 34 35 48/animate Sam false true 236 20 21/animate Sebastian false true 118 42 43 52 53/",
			"When": {
				"HasSeenEvent: |contains=75160120": true
			}
		},

		//Sam Band and farmer (bugged)
		//{
		//	"Name": "RSVGATHER",
		//	"Value": "/warp farmer 83 40/faceDirection farmer 2/warp Sam 85 40/showFrame Sam 20/showFrame Abigail 49/showFrame Sebastian 42/fade/viewport 85 43/pause 800/speak Sam \"..and a one.. and a two.. and a..\"/",
		//	"When": {
		//		"HasDialogueAnswer": 75161001
		//	},
		//	"Update": "OnLocationChange",
		//},
		//{
		//	"Name": "RSVGATHERDANCE",
		//	"Value": "/animate farmer false true 300 27 55 55 55 55 27 27/animate Abigail false true 118 49 34 35 48/animate Sam false true 236 20 21/animate Sebastian false true 118 42 43 52 53/",
		//	"When": {
		//		"HasDialogueAnswer": 75161001
		//	},
		//	"Update": "OnLocationChange",
		//},

		//Sam Band, Alissa, and farmer (bugged)
		//{
		//	"Name": "RSVGATHER",
		//	"Value": "/warp farmer 83 40/faceDirection farmer 2/warp Alissa 85 40/faceDirection Alissa 2/showFrame Sam 20/showFrame Abigail 49/showFrame Sebastian 42/fade/viewport 85 43/pause 800/speak Sam \"..and a one.. and a two.. and a..\"/",
		//	"When": {
		//		"HasSeenEvent": 75160120,
		//		"HasDialogueAnswer": 75161001
		//	},
		//	"Update": "OnLocationChange",
		//},
		//{
		//	"Name": "RSVGATHERDANCE",
		//	"Value": "/animate farmer false true 300 27 55 55 55 55 27 27/animate Alissa false true 400 19 19 19 27 27 19/animate Abigail false true 118 49 34 35 48/animate Sam false true 236 20 21/animate Sebastian false true 118 42 43 52 53/",
		//	"When": {
		//		"HasSeenEvent": 75160120,
		//		"HasDialogueAnswer": 75161001
		//	},
		//	"Update": "OnLocationChange",
		//},

		/*********
		** Random music token
		*********/
		{
			"Name": "RANDOMMUSIC",
			"Value": "{{Random:poppy, shimmeringbastion, honkytonky, heavy}}",
			"When": {
				"HasSeenEvent |contains=75160120": false
			},
		},
		{
			"Name": "RANDOMMUSIC",
			"Value": "{{Random:poppy, shimmeringbastion, honkytonky, heavy, cm:AlissaConcert}}",
			"When": {
				"HasSeenEvent |contains=75160120": true
			},
		},

		/*********
		** Various tokens
		*********/
		//ODD YEAR	
		{
			"Name": "IsOddYear",
			"Value": "{{Query: {{Year}} % 2 = 1}}"
		},
		
		//Random Undreya Spawn
		{
			"Name": "RANDOMUNDREYA",
			"Value": "{{Random:0 Custom_Ridgeside_RidgesideVillage 47 22 0/2600 Custom_Ridgeside_RSVAbandonedHouse 5 5 0, 0 Custom_Ridgeside_RidgesideVillage 81 70 0/2600 Custom_Ridgeside_RSVAbandonedHouse 5 5 0, 0 Town 98 85 0/2600 Custom_Ridgeside_RSVAbandonedHouse 5 5 0, 0 Custom_Ridgeside_RSVCliff 17 15 0/2600 Custom_Ridgeside_RSVAbandonedHouse 5 5 0, 0 BusStop 29 16 0/2600 Custom_Ridgeside_RSVAbandonedHouse 5 5 0, 0 Custom_Ridgeside_Ridge 51 24, Custom_Ridgeside_RSVCableCar 9 14 0/2600 Custom_Ridgeside_RSVAbandonedHouse 5 5 0, 0 Custom_Ridgeside_RidgesideVillage 131 105 0/2600 Custom_Ridgeside_RSVAbandonedHouse 5 5 0, 0 Mountain 31 5 0/2600 Custom_Ridgeside_RSVAbandonedHouse 5 5 0, 0 Mountain 87 33 0/2600 Custom_Ridgeside_RSVAbandonedHouse 5 5 0, 0 Mountain 51 37 0/2600 Custom_Ridgeside_RSVAbandonedHouse 5 5 0, 0 Beach 69 5 0/2600 Custom_Ridgeside_RSVAbandonedHouse 5 5 0, 0 Beach 37 31 0/2600 Custom_Ridgeside_RSVAbandonedHouse 5 5 0, 0 Custom_Ridgeside_RidgesideVillage 134 42 0/2600 Custom_Ridgeside_RSVAbandonedHouse 5 5 0, 0 Town 46 15 0/2600 Custom_Ridgeside_RSVAbandonedHouse 5 5 0, 0 Custom_Ridgeside_RidgesideVillage 13 83 0/2600 Custom_Ridgeside_RSVAbandonedHouse 5 5 0, 0 Custom_Ridgeside_RidgesideVillage 134 23 0/2600 Custom_Ridgeside_RSVAbandonedHouse 5 5 0, 0 Custom_Ridgeside_RidgesideVillage 74 35 0/2600 Custom_Ridgeside_RSVAbandonedHouse 5 5 0, 0 Town 18 8 0/2600 Custom_Ridgeside_RSVAbandonedHouse 5 5 0, 0 Town 6 78 0/2600 Custom_Ridgeside_RSVAbandonedHouse 5 5 0}}",
		},
	],

	/*********
	** Define in-game locations
	*********/
    "CustomLocations": [
      	{
         	"Name": "Custom_Ridgeside_AguarBasement",
         	"FromMapFile": "Assets/Maps/AguarBasement.tbin",
         	"MigrateLegacyNames": [ "AguarBasement" ]
      	},
      	{
         	"Name": "Custom_Ridgeside_AguarCave",
         	"FromMapFile": "Assets/Maps/AguarCave.tmx",
         	"MigrateLegacyNames": [ "AguarCave" ]
      	},
//      	{
//         	"Name": "Custom_Ridgeside_AguarCaveFixed",
//         	"FromMapFile": "Assets/Maps/AguarCaveFixed.tbin"
//      	},     	   
      	{
         	"Name": "Custom_Ridgeside_AguarCaveTemporary",
         	"FromMapFile": "Assets/Maps/AguarCaveTemporary.tbin",
         	"MigrateLegacyNames": [ "AguarCaveTemporary" ]
      	},    
      	{
         	"Name": "Custom_Ridgeside_AguarLab",
         	"FromMapFile": "Assets/Maps/AguarLab.tbin",
         	"MigrateLegacyNames": [ "AguarLab" ]
      	},
//      	{
//         	"Name": "Custom_Ridgeside_AguarWaterfalls",
//         	"FromMapFile": "Assets/Maps/AguarWaterfalls.tbin"
//      	},
      	{
         	"Name": "Custom_Ridgeside_AlissaHouse",
         	"FromMapFile": "Assets/Maps/AlissaHouse.tbin",
         	"MigrateLegacyNames": [ "AlissaHouse" ]
      	},     	   
      	{
         	"Name": "Custom_Ridgeside_AlissaShed",
         	"FromMapFile": "Assets/Maps/AlissaShed.tbin",
         	"MigrateLegacyNames": [ "AlissaShed" ]
      	},      
      	{
         	"Name": "Custom_Ridgeside_BertHouse",
         	"FromMapFile": "Assets/Maps/BertHouse.tbin",
         	"MigrateLegacyNames": [ "BertHouse" ]
      	},
      	{
         	"Name": "Custom_Ridgeside_BertHouse2ndFloor",
         	"FromMapFile": "Assets/Maps/BertHouse2ndFloor.tbin",
         	"MigrateLegacyNames": [ "BertHouse2ndFloor" ]
      	},
//      	{
//         	"Name": "Custom_Ridgeside_ElvenForest",
//         	"FromMapFile": "Assets/Maps/ElvenForest.tmx",
//      	},      	   
      	{
         	"Name": "Custom_Ridgeside_EmberNight",
         	"FromMapFile": "Assets/Maps/EmberNight.tbin",
         	"MigrateLegacyNames": [ "EmberNight" ]
      	},      	   
      	{
         	"Name": "Custom_Ridgeside_EzekielHouse",
         	"FromMapFile": "Assets/Maps/EzekielHouse.tbin",
         	"MigrateLegacyNames": [ "EzekielHouse" ]
      	},
      	{
         	"Name": "Custom_Ridgeside_EzekielPic",
         	"FromMapFile": "Assets/Maps/EzekielPic.tbin",
         	"MigrateLegacyNames": [ "EzekielPic" ]
      	},      	    
      	{
         	"Name": "Custom_Ridgeside_FreddieHouse",
         	"FromMapFile": "Assets/Maps/FreddieHouse.tbin",
         	"MigrateLegacyNames": [ "FreddieHouse" ]
      	},
      	{
         	"Name": "Custom_Ridgeside_IanHouse",
         	"FromMapFile": "Assets/Maps/IanHouse.tbin",
         	"MigrateLegacyNames": [ "IanHouse" ]
      	},
      	{
         	"Name": "Custom_Ridgeside_JericHouse",
         	"FromMapFile": "Assets/Maps/JericHouse.tbin",
         	"MigrateLegacyNames": [ "JericHouse" ]
      	},     	   
      	{
         	"Name": "Custom_Ridgeside_KennethHouse",
         	"FromMapFile": "Assets/Maps/KennethHouse.tbin",
         	"MigrateLegacyNames": [ "KennethHouse" ]
      	},
      	{
         	"Name": "Custom_Ridgeside_LennyHouse",
         	"FromMapFile": "Assets/Maps/LennyHouse.tbin",
         	"MigrateLegacyNames": [ "LennyHouse" ]
      	},
        {
            "Name": "Custom_Ridgeside_LogCabinHotel2ndFloor",
            "FromMapFile": "Assets/Maps/LogCabinHotel2ndFloor.tbin",
         	"MigrateLegacyNames": [ "LogCabinHotel2ndFloor" ]
        },        
        {
            "Name": "Custom_Ridgeside_LogCabinHotel3rdFloor",
            "FromMapFile": "Assets/Maps/LogCabinHotel3rdFloor.tbin",
         	"MigrateLegacyNames": [ "LogCabinHotel3rdFloor" ]
        },
        {
            "Name": "Custom_Ridgeside_LogCabinHotelLobby",
            "FromMapFile": "Assets/Maps/LogCabinHotelLobby.tbin",
         	"MigrateLegacyNames": [ "LogCabinHotelLobby" ]
        },        
      	{
         	"Name": "Custom_Ridgeside_LolaShed",
         	"FromMapFile": "Assets/Maps/LolaShed.tbin",
         	"MigrateLegacyNames": [ "LolaShed" ]
      	},      	    
      	{
         	"Name": "Custom_Ridgeside_MaddieHouse",
         	"FromMapFile": "Assets/Maps/MaddieHouse.tbin",
         	"MigrateLegacyNames": [ "MaddieHouse" ]
      	},
      	{
         	"Name": "Custom_Ridgeside_MysticFalls1",
         	"FromMapFile": "Assets/Maps/MysticFalls1.tbin",
         	"MigrateLegacyNames": [ "MysticFalls1" ]
      	},
      	{
         	"Name": "Custom_Ridgeside_MysticFalls2",
         	"FromMapFile": "Assets/Maps/MysticFalls2.tbin",
         	"MigrateLegacyNames": [ "MysticFalls2" ]
      	},      	   
      	{
         	"Name": "Custom_Ridgeside_MysticFalls3",
         	"FromMapFile": "Assets/Maps/MysticFalls3.tbin",
         	"MigrateLegacyNames": [ "MysticFalls3" ]
      	},
        {
            "Name": "Custom_Ridgeside_PikaHouse",
            "FromMapFile": "Assets/Maps/PikaHouse.tbin",
         	"MigrateLegacyNames": [ "PikaHouse" ]
        },        
        {
            "Name": "Custom_Ridgeside_PrincessVilleDate",
            "FromMapFile": "Assets/Maps/PrincessVilleDate.tbin",
         	"MigrateLegacyNames": [ "PrincessVilleDate" ]
        },        
//        {
//            "Name": "Custom_Ridgeside_Richard8HeartsEffect",
//            "FromMapFile": "Assets/Maps/Richard8HeartsEffect.tbin"
//        },      	      	       		
      	{
        	"Name": "Custom_Ridgeside_Ridge",
         	"FromMapFile": "Assets/Maps/Ridge.tbin",
         	"MigrateLegacyNames": [ "Ridge" ]
      	},      
      	{
         	"Name": "Custom_Ridgeside_RidgeFalls",
         	"FromMapFile": "Assets/Maps/RidgeFalls.tbin",
         	"MigrateLegacyNames": [ "RidgeFalls" ]
      	},
      	{
         	"Name": "Custom_Ridgeside_RidgeForestQ1",
         	"FromMapFile": "Assets/Maps/RidgeForestQ1.tbin",
         	"MigrateLegacyNames": [ "RidgeForestQ1" ]
      	},
      	{
         	"Name": "Custom_Ridgeside_RidgeForestQ2",
         	"FromMapFile": "Assets/Maps/RidgeForestQ2.tbin",
         	"MigrateLegacyNames": [ "RidgeForestQ2" ]
     	},                  
      	{
         	"Name": "Custom_Ridgeside_RidgeForestQ3",
         	"FromMapFile": "Assets/Maps/RidgeForestQ3.tbin",
         	"MigrateLegacyNames": [ "RidgeForestQ3" ]
      	},
      	{
         	"Name": "Custom_Ridgeside_RidgeForestQ4",
         	"FromMapFile": "Assets/Maps/RidgeForestQ4.tbin",
         	"MigrateLegacyNames": [ "RidgeForestQ4" ]
      	},
        {
            "Name": "Custom_Ridgeside_RidgesideVillage",
            "FromMapFile": "Assets/Maps/RidgesideVillage.tmx",
         	"MigrateLegacyNames": [ "RidgesideVillage" ]
        },    
      	{
         	"Name": "Custom_Ridgeside_RSVAbandonedHouse",
         	"FromMapFile": "Assets/Maps/RSVAbandonedHouse.tbin",
         	"MigrateLegacyNames": [ "RSVAbandonedHouse" ]
      	},
//      	{
//         	"Name": "Custom_Ridgeside_RSVBusStop",
//         	"FromMapFile": "Assets/Maps/RSVBusStop.tbin"
//      	},
      	{
         	"Name": "Custom_Ridgeside_RSVCableCar",
         	"FromMapFile": "Assets/Maps/RSVCableCar.tbin",
         	"MigrateLegacyNames": [ "RSVCableCar" ]
      	},
      	{
         	"Name": "Custom_Ridgeside_RSVCliff",
         	"FromMapFile": "Assets/Maps/RSVCliff.tbin",
         	"MigrateLegacyNames": [ "RSVCliff" ]
      	},  
      	{
         	"Name": "Custom_Ridgeside_RSVCliffNight",
         	"FromMapFile": "Assets/Maps/RSVCliffNight.tbin",
         	"MigrateLegacyNames": [ "RSVCliffNight" ]
      	},      	      	      	      	      	
      	{
         	"Name": "Custom_Ridgeside_RSVGathering",
         	"FromMapFile": "Assets/Maps/RSVGathering.tbin",
         	"MigrateLegacyNames": [ "RSVGathering" ]
      	},
      	{
         	"Name": "Custom_Ridgeside_RSVGreenhouse1",
         	"FromMapFile": "Assets/Maps/RSVGreenhouse1.tbin",
         	"MigrateLegacyNames": [ "RSVGreenhouse1" ]
      	},
      	{
         	"Name": "Custom_Ridgeside_RSVGreenhouse2",
         	"FromMapFile": "Assets/Maps/RSVGreenhouse2.tbin",
         	"MigrateLegacyNames": [ "RSVGreenhouse2" ]
      	},
      	{
         	"Name": "Custom_Ridgeside_RSVHiddenWarp",
         	"FromMapFile": "Assets/Maps/RSVHiddenWarp.tbin",
         	"MigrateLegacyNames": [ "RSVHiddenWarp" ]
      	},     
      	{
         	"Name": "Custom_Ridgeside_RSVHiddenWarp2",
         	"FromMapFile": "Assets/Maps/RSVHiddenWarp2.tbin",
         	"MigrateLegacyNames": [ "RSVHiddenWarp2" ]
      	},        	 	   
//      	{
//         	"Name": "Custom_Ridgeside_RSVJioShop",
//         	"FromMapFile": "Assets/Maps/RSVJioShop.tbin"
//     	},
//      	{
//         	"Name": "Custom_Ridgeside_RSVLine",
//         	"FromMapFile": "Assets/Maps/RSVLine.tbin"
//     	},
      	{
         	"Name": "Custom_Ridgeside_RSVMinecart",
         	"FromMapFile": "Assets/Maps/RSVMinecart.tbin",
         	"MigrateLegacyNames": [ "RSVMinecart" ]
     	},
      	{
         	"Name": "Custom_Ridgeside_RSVNinjaHouse",
         	"FromMapFile": "Assets/Maps/RSVNinjaHouse.tbin",
         	"MigrateLegacyNames": [ "RSVNinjaHouse" ]
     	},  
      	{
         	"Name": "Custom_Ridgeside_RSVPikaOpen",
         	"FromMapFile": "Assets/Maps/RSVPikaOpen.tbin",
         	"MigrateLegacyNames": [ "RSVPikaOpen" ]
     	},       	     	     	
      	{
         	"Name": "Custom_Ridgeside_RSVTheHike",
         	"FromMapFile": "Assets/Maps/RSVTheHike.tbin",
         	"MigrateLegacyNames": [ "RSVTheHike" ]
     	},
      	{
         	"Name": "Custom_Ridgeside_RSVTheRide",
         	"FromMapFile": "Assets/Maps/RSVTheRide.tbin",
         	"MigrateLegacyNames": [ "RSVTheRide" ]
      	},      
       	{
         	"Name": "Custom_Ridgeside_ShiroHouse",
         	"FromMapFile": "Assets/Maps/ShiroHouse.tbin",
         	"MigrateLegacyNames": [ "ShiroHouse" ]
      	},    
//      	{
//         	"Name": "Custom_Ridgeside_UnlockGH1",
//         	"FromMapFile": "Assets/Maps/UnlockGH1.tbin"
//      	},   
//      	{
//         	"Name": "Custom_Ridgeside_UnlockGH2",
//         	"FromMapFile": "Assets/Maps/UnlockGH2.tbin",
//      	},   
   	      	      	
    ],

	/*********
	** Patches
	*********/
	"Changes": [

	/*********
	** Data Includes
	*********/
		{
			"Action": "Include",
			"FromFile": "Data/Animations.json, Data/ConfigChanges.json, Data/ConversationTopics.json, Data/DynamicChanges.json, Data/EventData.json, Data/EventDialogues/{{Language}}.json, Data/EventDialogues/{{Language}}.json, Data/FestivalDialogue/{{Language}}.json, Data/FishData.json, Data/IntermodPatches.json, Data/LoadFestival.json, Data/Mail.json, Data/MapPatches.json, Data/MapStrings/{{Language}}.json, Data/MonsterData.json, Data/MovieData/{{Language}}.json, Data/NPCData.json, Data/Romance.json, Data/Warps.json, Data/WorldMap.json"
		},

	],

	/*********
	** Event repeater
	*********/
	"RepeatEvents": [
		75160060,
		75160175,
		75160176
	],
	"RepeatResponse": [
		75161001,
		75161002
	]
}
